timestamp,start_id,end_id,rows_written,source
2025-09-30T22:19:32,3,5,0,net
2025-09-30T23:56:01,3,5,0,skip-recent
2025-09-30T23:56:38,3,488,0,net
2025-09-30T23:57:03,3,29,0,net
2025-09-30T23:57:14,3,51,0,net
2025-09-30T23:57:29,3,74,0,net
2025-09-30T23:57:44,3,82,0,net
2025-09-30T23:58:27,3,88,0,net
2025-09-30T23:59:41,3,120,0,net
2025-10-01T00:05:06,3,146,0,net
2025-10-01T00:05:39,3,116,0,net
2025-10-01T00:06:11,3,118,0,net
2025-10-01T00:06:40,3,161,0,net
2025-10-01T00:07:27,3,160,3,net
2025-10-01T00:07:34,3,169,0,net
2025-10-01T00:07:54,3,185,2,net
2025-10-01T00:08:04,3,200,0,net
2025-10-01T00:08:10,3,394,2,net
2025-10-01T00:08:19,3,416,0,net
2025-10-01T00:08:29,3,235,0,net
2025-10-01T00:08:53,3,257,0,net
2025-10-01T00:09:02,3,426,2,net
2025-10-01T00:09:27,3,275,0,net
2025-10-01T00:09:51,3,288,0,net
2025-10-01T00:10:24,3,294,0,net
2025-10-01T00:11:38,3,311,0,net
2025-10-01T00:11:57,410,5,0,net
2025-10-01T00:12:26,410,488,0,net
2025-10-01T00:13:04,410,29,0,net
2025-10-01T00:13:17,410,51,0,net
2025-10-01T00:13:26,410,74,0,net
2025-10-01T00:13:34,410,82,0,net
2025-10-01T00:13:44,410,88,0,net
2025-10-01T00:14:10,410,120,0,net
2025-10-01T00:14:16,410,146,0,net
2025-10-01T00:14:26,410,116,0,net
2025-10-01T00:14:34,410,118,0,net
2025-10-01T00:14:49,410,161,0,net
2025-10-01T00:15:26,410,160,0,net
2025-10-01T00:15:32,410,169,0,net
2025-10-01T00:18:10,410,185,4,net
2025-10-01T00:18:31,410,200,0,net
2025-10-01T00:18:57,410,394,0,net
2025-10-01T00:19:47,410,416,3,net
2025-10-01T00:20:21,410,235,0,net
2025-10-01T00:20:42,410,257,0,net
2025-10-01T00:21:01,410,426,0,net
2025-10-01T00:22:31,410,275,0,net
2025-10-01T00:22:38,410,288,0,net
2025-10-01T00:22:44,410,294,0,net
2025-10-01T00:22:57,410,311,0,net
2025-10-01T00:23:06,13,5,0,net
2025-10-01T00:23:17,13,488,0,net
2025-10-01T00:23:33,13,29,0,net
2025-10-01T00:23:49,13,51,0,net
2025-10-01T00:23:59,13,74,2,net
2025-10-01T00:24:08,13,82,1,net
2025-10-01T00:24:20,13,88,1,net
2025-10-01T00:24:34,13,120,0,net
2025-10-01T00:25:09,13,146,0,net
2025-10-01T00:26:09,13,116,0,net
2025-10-01T00:26:38,13,118,0,net
2025-10-01T00:27:27,13,161,0,net
2025-10-01T00:29:53,13,160,1,net
2025-10-01T00:30:06,13,169,0,net
2025-10-01T00:30:26,13,185,0,net
2025-10-01T00:30:33,13,200,0,net
2025-10-01T00:31:06,13,394,0,net
2025-10-01T00:32:18,13,416,0,net
2025-10-01T00:33:19,13,235,0,net
2025-10-01T00:33:45,13,257,0,net
2025-10-01T00:33:56,13,426,0,net
2025-10-01T00:34:15,13,275,0,net
2025-10-01T00:34:26,13,288,0,net
2025-10-01T00:34:40,13,294,0,net
2025-10-01T00:34:46,13,311,0,net
2025-10-01T00:34:54,11,5,0,net
2025-10-01T00:35:19,11,488,7,net
2025-10-01T00:35:38,11,29,0,net
2025-10-01T00:36:10,11,51,0,net
2025-10-01T00:36:33,11,74,0,net
2025-10-01T00:36:43,11,82,0,net
2025-10-01T00:37:12,11,88,0,net
2025-10-01T00:38:39,11,120,0,net
2025-10-01T00:39:20,11,146,6,net
2025-10-01T00:39:28,11,116,0,net
2025-10-01T00:39:45,11,118,0,net
2025-10-01T00:40:53,11,161,0,net
2025-10-01T00:44:05,11,160,5,net
2025-10-01T00:44:20,11,169,0,net
2025-10-01T00:44:31,11,185,0,net
2025-10-01T00:44:40,11,200,0,net
2025-10-01T00:44:52,11,394,0,net
2025-10-01T00:45:12,11,416,0,net
2025-10-01T00:45:25,11,235,0,net
2025-10-01T00:46:07,11,257,0,net
2025-10-01T00:46:49,11,426,0,net
2025-10-01T00:47:37,11,275,0,net
2025-10-01T00:47:55,11,288,0,net
2025-10-01T00:48:16,11,294,0,net
2025-10-01T00:48:25,11,311,0,net
2025-10-01T00:49:10,18,5,0,net
2025-10-01T00:50:37,18,488,2,net
2025-10-01T00:52:22,18,29,0,net
2025-10-01T00:52:43,18,51,6,net
2025-10-01T00:52:53,18,74,0,net
2025-10-01T00:53:03,18,82,0,net
2025-10-01T00:53:18,18,88,0,net
2025-10-01T00:53:43,18,120,0,net
2025-10-01T00:54:01,18,146,1,net
2025-10-01T00:54:14,18,116,0,net
2025-10-01T00:54:26,18,118,0,net
2025-10-01T00:54:43,18,161,0,net
2025-10-01T00:57:31,18,160,7,net
2025-10-01T00:57:55,18,169,0,net
2025-10-01T00:58:14,18,185,0,net
2025-10-01T00:58:39,18,200,0,net
2025-10-01T00:58:49,18,394,0,net
2025-10-01T00:59:07,18,416,0,net
2025-10-01T00:59:24,18,235,0,net
2025-10-01T00:59:41,18,257,0,net
2025-10-01T00:59:47,18,426,0,net
2025-10-01T01:00:00,18,275,0,net
2025-10-01T01:00:07,18,288,0,net
2025-10-01T01:00:20,18,294,0,net
2025-10-01T01:00:30,18,311,0,net
2025-10-01T01:00:41,7,5,0,net
2025-10-01T01:01:04,7,488,0,net
2025-10-01T01:02:11,7,29,0,net
2025-10-01T01:03:50,7,51,6,net
2025-10-01T01:04:16,7,74,0,net
2025-10-01T01:04:30,7,82,0,net
2025-10-01T01:04:40,7,88,0,net
2025-10-01T01:05:05,7,120,0,net
2025-10-01T01:05:21,7,146,0,net
2025-10-01T01:05:45,7,116,0,net
2025-10-01T01:05:56,7,118,0,net
2025-10-01T01:06:42,7,161,0,net
2025-10-01T01:08:26,7,160,3,net
2025-10-01T01:09:09,7,169,0,net
2025-10-01T01:09:43,7,185,0,net
2025-10-01T01:10:09,7,200,0,net
2025-10-01T01:10:39,7,394,0,net
2025-10-01T01:10:58,7,416,0,net
2025-10-01T01:11:22,7,235,0,net
2025-10-01T01:11:55,7,257,0,net
2025-10-01T01:12:05,7,426,0,net
2025-10-01T01:12:22,7,275,0,net
2025-10-01T01:12:36,7,288,0,net
2025-10-01T01:12:43,7,294,0,net
2025-10-01T01:13:02,7,311,0,net
2025-10-01T01:13:22,22,5,0,net
2025-10-01T01:13:56,22,488,0,net
2025-10-01T01:15:49,22,29,0,net
2025-10-01T01:16:16,22,51,0,net
2025-10-01T01:16:31,22,74,0,net
2025-10-01T01:16:43,22,82,0,net
2025-10-01T01:16:51,22,88,0,net
2025-10-01T01:17:17,22,120,0,net
2025-10-01T01:17:28,22,146,0,net
2025-10-01T01:17:39,22,116,0,net
2025-10-01T01:18:09,22,118,0,net
2025-10-01T01:18:27,22,161,12,net
2025-10-01T01:21:50,22,160,14,net
2025-10-01T01:21:58,22,169,0,net
2025-10-01T01:22:12,22,185,0,net
2025-10-01T01:22:28,22,200,0,net
2025-10-01T01:22:54,22,394,0,net
2025-10-01T01:23:32,22,416,0,error
2025-10-01T01:23:39,22,235,4,net
2025-10-01T01:23:50,22,257,0,net
2025-10-01T01:23:54,22,426,0,net
2025-10-01T01:24:13,22,275,14,net
2025-10-01T01:24:19,22,288,0,net
2025-10-01T01:24:25,22,294,0,net
2025-10-01T01:24:49,22,311,0,net
2025-10-01T01:25:25,9,5,0,net
2025-10-01T01:27:26,9,488,0,net
2025-10-01T01:28:19,9,29,25,net
2025-10-01T01:28:49,9,51,0,net
2025-10-01T01:28:56,9,74,0,net
2025-10-01T01:29:02,9,82,0,net
2025-10-01T01:29:13,9,88,0,net
2025-10-01T01:29:37,9,120,3,net
2025-10-01T01:29:44,9,146,0,net
2025-10-01T01:29:59,9,116,0,net
2025-10-01T01:30:17,9,118,0,net
2025-10-01T01:30:39,9,161,0,net
2025-10-01T01:34:07,9,160,34,net
2025-10-01T01:34:58,9,169,0,net
2025-10-01T01:36:50,9,185,4,net
2025-10-01T01:37:13,9,200,0,net
2025-10-01T01:37:20,9,394,0,net
2025-10-01T01:37:31,9,416,0,net
2025-10-01T01:37:41,9,235,0,net
2025-10-01T01:37:58,9,257,3,net
2025-10-01T01:38:09,9,426,0,net
2025-10-01T01:38:22,9,275,0,net
2025-10-01T01:38:27,9,288,0,net
2025-10-01T01:38:36,9,294,1,net
2025-10-01T01:38:45,9,311,1,net
2025-10-01T01:38:56,329,5,5,net
2025-10-01T01:39:23,329,488,0,net
2025-10-01T01:39:49,329,29,0,net
2025-10-01T01:40:26,329,51,0,net
2025-10-01T01:41:22,329,74,0,net
2025-10-01T01:41:43,329,82,0,net
2025-10-01T01:42:03,329,88,0,net
2025-10-01T01:42:24,329,120,0,net
2025-10-01T01:42:35,329,146,0,net
2025-10-01T01:42:49,329,116,0,net
2025-10-01T01:42:57,329,118,0,net
2025-10-01T01:43:07,329,161,0,net
2025-10-01T01:43:32,329,160,5,net
2025-10-01T01:43:38,329,169,0,net
2025-10-01T01:43:48,329,185,0,net
2025-10-01T01:44:02,329,200,5,net
2025-10-01T01:44:17,329,394,0,net
2025-10-01T01:44:26,329,416,0,net
2025-10-01T01:44:47,329,235,0,net
2025-10-01T01:45:00,329,257,0,net
2025-10-01T01:45:11,329,426,0,net
2025-10-01T01:45:21,329,275,0,net
2025-10-01T01:45:28,329,288,0,net
2025-10-01T01:45:39,329,294,0,net
2025-10-01T01:45:48,329,311,0,net
2025-10-01T01:45:57,8,5,0,net
2025-10-01T01:49:13,8,488,7,net
2025-10-01T01:49:53,8,29,0,net
2025-10-01T01:50:27,8,51,8,net
2025-10-01T01:50:41,8,74,0,net
2025-10-01T01:50:51,8,82,0,net
2025-10-01T01:51:08,8,88,0,net
2025-10-01T01:51:20,8,120,0,net
2025-10-01T01:51:35,8,146,4,net
2025-10-01T01:51:45,8,116,0,net
2025-10-01T01:52:08,8,118,0,net
2025-10-01T01:53:26,8,161,0,net
2025-10-01T01:57:20,8,160,14,net
2025-10-01T01:57:49,8,169,0,net
2025-10-01T01:58:16,8,185,0,net
2025-10-01T01:58:24,8,200,0,net
2025-10-01T01:58:34,8,394,0,net
2025-10-01T01:58:41,8,416,0,net
2025-10-01T01:59:07,8,235,0,net
2025-10-01T01:59:23,8,257,0,net
2025-10-01T01:59:36,8,426,0,net
2025-10-01T01:59:53,8,275,0,net
2025-10-01T01:59:58,8,288,0,net
2025-10-01T02:00:04,8,294,0,net
2025-10-01T02:00:27,8,311,0,net
2025-10-01T02:00:35,1,5,0,net
2025-10-01T02:02:57,1,488,7,net
2025-10-01T02:03:25,1,29,0,net
2025-10-01T02:03:43,1,51,8,net
2025-10-01T02:03:51,1,74,0,net
2025-10-01T02:03:56,1,82,0,net
2025-10-01T02:04:07,1,88,0,net
2025-10-01T02:04:30,1,120,0,net
2025-10-01T02:04:48,1,146,4,net
2025-10-01T02:04:53,1,116,0,net
2025-10-01T02:05:04,1,118,0,net
2025-10-01T02:05:29,1,161,0,net
2025-10-01T02:06:07,1,160,10,net
2025-10-01T02:06:15,1,169,0,net
2025-10-01T02:06:22,1,185,0,net
2025-10-01T02:06:47,1,200,0,net
2025-10-01T02:07:16,1,394,0,net
2025-10-01T02:07:57,1,416,0,net
2025-10-01T02:08:43,1,235,0,net
2025-10-01T02:09:54,1,257,0,net
2025-10-01T02:10:13,1,426,0,net
2025-10-01T02:10:35,1,275,0,net
2025-10-01T02:10:53,1,288,0,net
2025-10-01T02:11:22,1,294,0,net
2025-10-01T02:11:36,1,311,0,net
2025-10-01T02:12:01,2,5,0,net
2025-10-01T02:12:13,2,488,0,net
2025-10-01T02:12:27,2,29,0,net
2025-10-01T02:12:34,2,51,0,net
2025-10-01T02:12:50,2,74,0,net
2025-10-01T02:13:23,2,82,0,net
2025-10-01T02:14:13,2,88,0,net
2025-10-01T02:14:54,2,120,4,net
2025-10-01T02:15:10,2,146,0,net
2025-10-01T02:15:33,2,116,5,net
2025-10-01T02:15:43,2,118,5,net
2025-10-01T02:15:56,2,161,0,net
2025-10-01T02:16:36,2,160,4,net
2025-10-01T02:16:43,2,169,0,net
2025-10-01T02:16:54,2,185,0,net
2025-10-01T02:17:05,2,200,0,net
2025-10-01T02:17:11,2,394,0,net
2025-10-01T02:17:20,2,416,0,net
2025-10-01T02:17:35,2,235,0,net
2025-10-01T02:17:50,2,257,3,net
2025-10-01T02:18:02,2,426,0,net
2025-10-01T02:18:15,2,275,0,net
2025-10-01T02:18:22,2,288,0,net
2025-10-01T02:18:42,2,294,0,net
2025-10-01T02:19:28,2,311,0,net
2025-10-01T02:20:33,14,5,0,net
2025-10-01T02:21:38,14,488,0,net
2025-10-01T02:23:23,14,29,23,net
2025-10-01T02:23:32,14,51,0,net
2025-10-01T02:23:41,14,74,0,net
2025-10-01T02:23:53,14,82,0,net
2025-10-01T02:24:01,14,88,0,net
2025-10-01T02:24:27,14,120,2,net
2025-10-01T02:24:37,14,146,0,net
2025-10-01T02:24:58,14,116,0,net
2025-10-01T02:25:51,14,118,0,net
2025-10-01T02:26:45,14,161,0,net
2025-10-01T02:28:40,14,160,32,net
2025-10-01T02:29:56,14,169,0,net
2025-10-01T02:30:52,14,185,4,net
2025-10-01T02:31:03,14,200,0,net
2025-10-01T02:31:13,14,394,0,net
2025-10-01T02:31:21,14,416,0,net
2025-10-01T02:31:42,14,235,0,net
2025-10-01T02:31:55,14,257,2,net
2025-10-01T02:32:03,14,426,0,net
2025-10-01T02:32:22,14,275,0,net
2025-10-01T02:32:29,14,288,0,net
2025-10-01T02:32:41,14,294,1,net
2025-10-01T02:32:59,14,311,1,net
2025-10-01T02:33:18,19,5,0,net
2025-10-01T02:33:26,19,488,0,net
2025-10-01T02:33:45,19,29,0,net
2025-10-01T02:34:39,19,51,0,net
2025-10-01T02:35:33,19,74,0,net
2025-10-01T02:35:44,19,82,0,net
2025-10-01T02:35:57,19,88,0,net
2025-10-01T02:36:14,19,120,0,net
2025-10-01T02:36:22,19,146,0,net
2025-10-01T02:36:29,19,116,0,net
2025-10-01T02:36:59,19,118,0,net
2025-10-01T02:39:08,19,161,4,net
2025-10-01T02:40:57,19,160,4,net
2025-10-01T02:41:06,19,169,0,net
2025-10-01T02:41:18,19,185,0,net
2025-10-01T02:41:28,19,200,0,net
2025-10-01T02:41:37,19,394,0,net
2025-10-01T02:41:48,19,416,0,net
2025-10-01T02:42:01,19,235,4,net
2025-10-01T02:42:13,19,257,0,net
2025-10-01T02:42:27,19,426,0,net
2025-10-01T02:43:17,19,275,3,net
2025-10-01T02:44:15,19,288,0,net
2025-10-01T02:44:39,19,294,0,net
2025-10-01T02:44:47,19,311,0,net
2025-10-01T02:45:13,10,5,0,net
2025-10-01T02:45:19,10,488,0,net
2025-10-01T02:46:06,10,29,0,net
2025-10-01T02:46:19,10,51,6,net
2025-10-01T02:46:28,10,74,0,net
2025-10-01T02:46:39,10,82,0,net
2025-10-01T02:46:48,10,88,0,net
2025-10-01T02:47:09,10,120,0,net
2025-10-01T02:47:15,10,146,0,net
2025-10-01T02:47:23,10,116,0,net
2025-10-01T02:47:30,10,118,0,net
2025-10-01T02:47:43,10,161,0,net
2025-10-01T02:48:13,10,160,3,net
2025-10-01T02:48:22,10,169,0,net
2025-10-01T02:48:34,10,185,0,net
2025-10-01T02:49:00,10,200,0,net
2025-10-01T02:49:47,10,394,0,net
2025-10-01T02:50:48,10,416,0,net
2025-10-01T02:51:37,10,235,0,net
2025-10-01T02:52:21,10,257,0,net
2025-10-01T02:52:32,10,426,0,net
2025-10-01T02:52:57,10,275,0,net
2025-10-01T02:53:18,10,288,0,net
2025-10-01T02:53:25,10,294,0,net
2025-10-01T02:53:36,10,311,0,net
2025-10-01T02:53:46,5,10,0,net
2025-10-01T02:54:08,5,488,0,net
2025-10-01T02:54:31,5,29,0,net
2025-10-01T02:55:05,5,51,0,net
2025-10-01T02:55:50,5,74,0,net
2025-10-01T02:56:24,5,82,0,net
2025-10-01T02:56:32,5,88,0,net
2025-10-01T02:56:53,5,120,0,net
2025-10-01T02:57:03,5,146,0,net
2025-10-01T02:57:19,5,116,0,net
2025-10-01T02:57:32,5,118,0,net
2025-10-01T02:58:13,5,161,0,net
2025-10-01T03:01:25,5,160,7,net
2025-10-01T03:01:31,5,169,0,net
2025-10-01T03:01:48,5,185,0,net
2025-10-01T03:02:17,5,200,7,net
2025-10-01T03:02:35,5,394,0,net
2025-10-01T03:02:51,5,416,0,net
2025-10-01T03:03:04,5,235,0,net
2025-10-01T03:03:21,5,257,0,net
2025-10-01T03:03:27,5,426,0,net
2025-10-01T03:03:41,5,275,0,net
2025-10-01T03:04:15,5,288,0,net
2025-10-01T03:04:50,5,294,0,net
2025-10-01T03:05:27,5,311,0,net
2025-10-01T03:05:41,4,10,1,net
2025-10-01T03:05:58,4,488,0,net
2025-10-01T03:06:35,4,29,0,net
2025-10-01T03:06:42,4,51,1,net
2025-10-01T03:06:49,4,74,0,net
2025-10-01T03:07:02,4,82,0,net
2025-10-01T03:07:09,4,88,0,net
2025-10-01T03:07:23,4,120,0,net
2025-10-01T03:07:29,4,146,0,net
2025-10-01T03:07:42,4,116,0,net
2025-10-01T03:07:54,4,118,0,net
2025-10-01T03:08:10,4,161,0,net
2025-10-01T03:08:52,4,160,19,net
2025-10-01T03:09:00,4,169,0,net
2025-10-01T03:09:11,4,185,0,net
2025-10-01T03:09:23,4,200,0,net
2025-10-01T03:09:51,4,394,0,net
2025-10-01T03:10:34,4,416,0,net
2025-10-01T03:11:47,4,235,0,net
2025-10-01T03:12:40,4,257,0,net
2025-10-01T03:12:58,4,426,0,net
2025-10-01T03:13:29,4,275,0,net
2025-10-01T03:13:47,4,288,0,net
2025-10-01T03:13:57,4,294,0,net
2025-10-01T03:14:04,4,311,0,net
2025-10-01T03:14:15,12,10,0,net
2025-10-01T03:14:23,12,488,0,net
2025-10-01T03:14:46,12,29,0,net
2025-10-01T03:14:56,12,51,0,net
2025-10-01T03:15:07,12,74,0,net
2025-10-01T03:15:14,12,82,0,net
2025-10-01T03:15:20,12,88,0,net
2025-10-01T03:15:36,12,120,0,net
2025-10-01T03:16:01,12,146,0,net
2025-10-01T03:16:39,12,116,0,net
2025-10-01T03:17:30,12,118,0,net
2025-10-01T03:17:58,12,161,0,net
2025-10-01T03:18:53,12,160,5,net
2025-10-01T03:18:58,12,169,0,net
2025-10-01T03:19:16,12,185,2,net
2025-10-01T03:19:25,12,200,0,net
2025-10-01T03:19:35,12,394,4,net
2025-10-01T03:19:43,12,416,0,net
2025-10-01T03:19:50,12,235,0,net
2025-10-01T03:20:03,12,257,0,net
2025-10-01T03:20:36,12,426,4,net
2025-10-01T03:20:50,12,275,0,net
2025-10-01T03:20:56,12,288,0,net
2025-10-01T03:21:06,12,294,0,net
2025-10-01T03:21:21,12,311,0,net
2025-10-01T03:21:27,15,10,0,net
2025-10-01T03:22:06,15,488,0,net
2025-10-01T03:23:03,15,29,0,net
2025-10-01T03:24:05,15,51,0,net
2025-10-01T03:24:48,15,74,0,net
2025-10-01T03:25:09,15,82,0,net
2025-10-01T03:25:27,15,88,0,net
2025-10-01T03:25:46,15,120,0,net
2025-10-01T03:26:00,15,146,0,net
2025-10-01T03:26:06,15,116,0,net
2025-10-01T03:26:15,15,118,0,net
2025-10-01T03:26:29,15,161,0,net
2025-10-01T03:26:57,15,160,0,net
2025-10-01T03:27:06,15,169,0,net
2025-10-01T03:27:17,15,185,0,net
2025-10-01T03:27:26,15,200,0,net
2025-10-01T03:27:46,15,394,0,net
2025-10-01T03:28:18,15,416,0,net
2025-10-01T03:29:05,15,235,0,net
2025-10-01T03:29:37,15,257,0,net
2025-10-01T03:29:58,15,426,0,net
2025-10-01T03:30:14,15,275,0,net
2025-10-01T03:30:19,15,288,0,net
2025-10-01T03:30:29,15,294,0,net
2025-10-01T03:30:54,15,311,0,net
2025-10-01T03:31:52,6,10,0,net
2025-10-01T03:33:08,6,488,0,net
2025-10-01T03:34:07,6,29,0,net
2025-10-01T03:34:32,6,51,0,net
2025-10-01T03:34:41,6,74,0,net
2025-10-01T03:35:00,6,82,0,net
2025-10-01T03:35:10,6,88,0,net
2025-10-01T03:35:28,6,120,0,net
2025-10-01T03:35:35,6,146,0,net
2025-10-01T03:35:44,6,116,0,net
2025-10-01T03:36:07,6,118,0,net
2025-10-01T03:36:29,6,161,4,net
2025-10-01T03:37:20,6,160,4,net
2025-10-01T03:38:16,6,169,0,net
2025-10-01T03:38:45,6,185,0,net
2025-10-01T03:39:12,6,200,0,net
2025-10-01T03:39:19,6,394,0,net
2025-10-01T03:39:25,6,416,0,net
2025-10-01T03:42:33,6,235,4,net
2025-10-01T03:42:54,6,257,0,net
2025-10-01T03:42:59,6,426,0,net
2025-10-01T03:43:36,6,275,3,net
2025-10-01T03:43:51,6,288,0,net
2025-10-01T03:44:06,6,294,0,net
2025-10-01T03:44:13,6,311,0,net
2025-10-01T03:44:21,343,10,0,net
2025-10-01T03:44:29,343,488,0,net
2025-10-01T03:44:44,343,29,0,net
2025-10-01T03:44:53,343,51,0,net
2025-10-01T03:45:06,343,74,0,net
2025-10-01T03:45:12,343,82,0,net
2025-10-01T03:45:16,343,88,0,net
2025-10-01T03:45:31,343,120,0,net
2025-10-01T03:46:03,343,146,0,net
2025-10-01T03:47:35,343,116,0,net
2025-10-01T03:47:58,343,118,0,net
2025-10-01T03:48:24,343,161,0,net
2025-10-01T03:49:00,343,160,3,net
2025-10-01T03:50:08,343,169,0,net
2025-10-01T03:51:15,343,185,0,net
2025-10-01T03:51:52,343,200,3,net
2025-10-01T03:52:12,343,394,0,net
2025-10-01T03:52:21,343,416,0,net
2025-10-01T03:52:31,343,235,0,net
2025-10-01T03:52:50,343,257,0,net
2025-10-01T03:52:58,343,426,0,net
2025-10-01T03:53:13,343,275,0,net
2025-10-01T03:53:19,343,288,0,net
2025-10-01T03:53:32,343,294,0,net
2025-10-01T03:53:42,343,311,0,net
2025-10-01T03:53:53,16,10,0,net
2025-10-01T03:54:03,16,488,0,net
2025-10-01T03:54:20,16,29,0,net
2025-10-01T03:54:25,16,51,0,net
2025-10-01T03:54:33,16,74,0,net
2025-10-01T03:55:07,16,82,0,net
2025-10-01T03:55:54,16,88,0,net
2025-10-01T03:56:52,16,120,0,net
2025-10-01T03:57:18,16,146,0,net
2025-10-01T03:57:33,16,116,0,net
2025-10-01T03:57:48,16,118,0,net
2025-10-01T03:58:06,16,161,0,net
2025-10-01T03:58:59,16,160,5,net
2025-10-01T03:59:06,16,169,0,net
2025-10-01T03:59:15,16,185,0,net
2025-10-01T03:59:23,16,200,5,net
2025-10-01T03:59:31,16,394,0,net
2025-10-01T03:59:36,16,416,0,net
2025-10-01T03:59:43,16,235,0,net
2025-10-01T04:00:00,16,257,0,net
2025-10-01T04:00:06,16,426,0,net
2025-10-01T04:00:20,16,275,0,net
2025-10-01T04:00:25,16,288,0,net
2025-10-01T04:00:43,16,294,0,net
2025-10-01T04:01:27,16,311,0,net
2025-10-01T04:02:44,17,10,0,net
2025-10-01T04:03:12,17,488,0,net
2025-10-01T04:03:49,17,29,0,net
2025-10-01T04:04:10,17,51,0,net
2025-10-01T04:04:33,17,74,2,net
2025-10-01T04:04:55,17,82,2,net
2025-10-01T04:05:20,17,88,2,net
2025-10-01T04:05:36,17,120,0,net
2025-10-01T04:05:44,17,146,0,net
2025-10-01T04:05:51,17,116,0,net
2025-10-01T04:05:59,17,118,0,net
2025-10-01T04:06:21,17,161,0,net
2025-10-01T04:07:42,17,160,1,net
2025-10-01T04:08:22,17,169,0,net
2025-10-01T04:08:56,17,185,1,net
2025-10-01T04:09:15,17,200,0,net
2025-10-01T04:09:41,17,394,0,net
2025-10-01T04:09:58,17,416,0,net
2025-10-01T04:10:14,17,235,0,net
2025-10-01T04:10:38,17,257,0,net
2025-10-01T04:10:46,17,426,0,net
2025-10-01T04:11:05,17,275,0,net
2025-10-01T04:11:18,17,288,1,net
2025-10-01T04:11:39,17,294,0,net
2025-10-01T04:11:50,17,311,0,net
2025-10-01T04:11:58,467,10,0,net
2025-10-01T04:12:07,467,488,0,net
2025-10-01T04:12:33,467,29,0,net
2025-10-01T04:13:23,467,51,0,net
2025-10-01T04:14:10,467,74,0,net
2025-10-01T04:14:53,467,82,0,net
2025-10-01T04:15:20,467,88,0,net
2025-10-01T04:15:59,467,120,0,net
2025-10-01T04:16:32,467,146,0,net
2025-10-01T04:16:53,467,116,0,net
2025-10-01T04:17:04,467,118,0,net
2025-10-01T04:17:23,467,161,0,net
2025-10-01T04:18:11,467,160,0,net
2025-10-01T04:18:18,467,169,0,net
2025-10-01T04:18:30,467,185,0,net
2025-10-01T04:18:57,467,200,0,net
2025-10-01T04:19:18,467,394,0,net
2025-10-01T04:20:03,467,416,0,net
2025-10-01T04:20:27,467,235,0,net
2025-10-01T04:20:40,467,257,0,net
2025-10-01T04:20:52,467,426,0,net
2025-10-01T04:21:05,467,275,0,net
2025-10-01T04:21:24,467,288,0,net
2025-10-01T04:22:03,467,294,6,net
2025-10-01T04:22:18,467,311,6,net
2025-10-01T04:22:34,21,10,0,net
2025-10-01T04:22:46,21,488,0,net
2025-10-01T04:23:00,21,29,0,net
2025-10-01T04:23:13,21,51,0,net
2025-10-01T04:23:23,21,74,5,net
2025-10-01T04:23:38,21,82,4,net
2025-10-01T04:23:44,21,88,3,net
2025-10-01T04:23:56,21,120,0,net
2025-10-01T04:24:04,21,146,0,net
2025-10-01T04:24:13,21,116,0,net
2025-10-01T04:24:20,21,118,0,net
2025-10-01T04:24:39,21,161,0,net
2025-10-01T04:29:27,21,160,4,net
2025-10-01T04:29:46,21,169,0,net
2025-10-01T04:30:20,21,185,1,net
2025-10-01T04:30:35,21,200,0,net
2025-10-01T04:30:49,21,394,0,net
2025-10-01T04:31:12,21,416,0,net
2025-10-01T04:31:59,21,235,0,net
2025-10-01T04:33:03,21,257,0,net
2025-10-01T04:33:34,21,426,0,net
2025-10-01T04:34:25,21,275,0,net
2025-10-01T04:34:58,21,288,2,net
2025-10-01T04:35:23,21,294,0,net
2025-10-01T04:35:42,21,311,0,net
2025-10-01T04:36:00,20,10,0,net
2025-10-01T04:36:20,20,488,0,net
2025-10-01T04:36:40,20,29,0,net
2025-10-01T04:37:23,20,51,0,net
2025-10-01T04:38:29,20,74,0,net
2025-10-01T04:39:07,20,82,0,net
2025-10-01T04:39:43,20,88,0,net
2025-10-01T04:39:52,20,120,0,net
2025-10-01T04:40:01,20,146,0,net
2025-10-01T04:40:23,20,116,0,net
2025-10-01T04:40:32,20,118,0,net
2025-10-01T04:40:51,20,161,0,net
2025-10-01T04:41:23,20,160,4,net
2025-10-01T04:41:32,20,169,0,net
2025-10-01T04:41:44,20,185,0,net
2025-10-01T04:42:00,20,200,4,net
2025-10-01T04:42:08,20,394,0,net
2025-10-01T04:42:24,20,416,0,net
2025-10-01T04:42:36,20,235,0,net
2025-10-01T04:43:01,20,257,0,net
2025-10-01T04:43:54,20,426,0,net
2025-10-01T04:44:42,20,275,0,net
2025-10-01T04:44:52,20,288,0,net
2025-10-01T04:45:11,20,294,0,net
2025-10-01T04:45:22,20,311,0,net
2025-10-01T04:45:52,483,10,0,net
2025-10-01T04:47:08,483,488,0,net
2025-10-01T04:48:37,483,29,0,net
2025-10-01T04:48:58,483,51,0,net
2025-10-01T04:49:09,483,74,0,net
2025-10-01T04:49:26,483,82,0,net
2025-10-01T04:49:48,483,88,0,net
2025-10-01T04:50:08,483,120,0,net
2025-10-01T04:50:22,483,146,0,net
2025-10-01T04:50:33,483,116,0,net
2025-10-01T04:50:49,483,118,0,net
2025-10-01T04:51:08,483,161,0,net
2025-10-01T04:52:06,483,160,2,net
2025-10-01T04:52:36,483,169,0,net
2025-10-01T04:53:50,483,185,1,net
2025-10-01T04:54:26,483,200,0,net
2025-10-01T04:55:23,483,394,4,net
2025-10-01T04:55:49,483,416,0,net
2025-10-01T04:56:05,483,235,0,net
2025-10-01T04:56:21,483,257,0,net
2025-10-01T04:56:49,483,426,4,net
2025-10-01T04:57:07,483,275,0,net
2025-10-01T04:57:15,483,288,0,net
2025-10-01T04:57:28,483,294,0,net
2025-10-01T04:57:50,483,311,0,net
2025-10-01T04:58:45,23,10,0,net
2025-10-01T04:59:46,23,488,0,net
2025-10-01T05:00:41,23,29,0,net
2025-10-01T05:00:58,23,51,0,net
2025-10-01T05:01:09,23,74,0,net
2025-10-01T05:01:24,23,82,0,net
2025-10-01T05:01:38,23,88,0,net
2025-10-01T05:02:09,23,120,4,net
2025-10-01T05:02:20,23,146,0,net
2025-10-01T05:02:33,23,116,5,net
2025-10-01T05:02:48,23,118,5,net
2025-10-01T05:03:02,23,161,0,net
2025-10-01T05:03:39,23,160,4,net
2025-10-01T05:04:05,23,169,0,net
2025-10-01T05:04:52,23,185,0,net
2025-10-01T05:05:38,23,200,0,net
2025-10-01T05:06:12,23,394,0,net
2025-10-01T05:06:44,23,416,0,net
2025-10-01T05:06:58,23,235,0,net
2025-10-01T05:07:58,23,257,3,net
2025-10-01T05:08:21,23,426,0,net
2025-10-01T05:08:52,23,275,0,net
2025-10-01T05:09:01,23,288,0,net
2025-10-01T05:09:18,23,294,0,net
2025-10-01T05:09:26,23,311,0,net
2025-10-01T05:09:39,31,10,0,net
2025-10-01T05:10:06,31,488,0,net
2025-10-01T05:11:28,31,29,0,net
2025-10-01T05:12:30,31,51,0,net
2025-10-01T05:12:46,31,74,0,net
2025-10-01T05:12:56,31,82,0,net
2025-10-01T05:13:02,31,88,0,net
2025-10-01T05:13:27,31,120,9,net
2025-10-01T05:13:35,31,146,0,net
2025-10-01T05:13:49,31,116,1,net
2025-10-01T05:14:06,31,118,2,net
2025-10-01T05:14:23,31,161,0,net
2025-10-01T05:14:55,31,160,8,net
2025-10-01T05:15:09,31,169,0,net
2025-10-01T05:15:18,31,185,0,net
2025-10-01T05:15:27,31,200,0,net
2025-10-01T05:15:42,31,394,0,net
2025-10-01T05:16:16,31,416,0,net
2025-10-01T05:17:14,31,235,0,net
2025-10-01T05:18:23,31,257,9,net
2025-10-01T05:18:33,31,426,0,net
2025-10-01T05:18:58,31,275,0,net
2025-10-01T05:19:17,31,288,0,net
2025-10-01T05:20:17,31,294,1,net
2025-10-01T05:21:45,31,311,1,net
2025-10-01T05:22:13,34,10,6,net
2025-10-01T05:22:36,34,488,2,net
2025-10-01T05:23:04,34,29,0,net
2025-10-01T05:23:18,34,51,7,net
2025-10-01T05:23:26,34,74,0,net
2025-10-01T05:23:32,34,82,0,net
2025-10-01T05:23:41,34,88,0,net
2025-10-01T05:23:56,34,120,0,net
2025-10-01T05:24:05,34,146,2,net
2025-10-01T05:24:22,34,116,0,net
2025-10-01T05:24:32,34,118,0,net
2025-10-01T05:25:04,34,161,0,net
2025-10-01T05:27:33,34,160,6,net
2025-10-01T05:27:44,34,169,0,net
2025-10-01T05:27:56,34,185,0,net
2025-10-01T05:28:07,34,200,0,net
2025-10-01T05:28:17,34,394,0,net
2025-10-01T05:28:22,34,416,0,net
2025-10-01T05:28:33,34,235,0,net
2025-10-01T05:28:40,34,257,0,net
2025-10-01T05:28:47,34,426,0,net
2025-10-01T05:29:03,34,275,0,net
2025-10-01T05:29:10,34,288,0,net
2025-10-01T05:29:21,34,294,0,net
2025-10-01T05:29:35,34,311,0,net
2025-10-01T05:29:44,35,10,2,net
2025-10-01T05:30:05,35,488,1,net
2025-10-01T05:30:22,35,29,0,net
2025-10-01T05:30:50,35,51,2,net
2025-10-01T05:31:20,35,74,0,net
2025-10-01T05:32:39,35,82,0,net
2025-10-01T05:33:14,35,88,0,net
2025-10-01T05:34:03,35,120,0,net
2025-10-01T05:34:17,35,146,1,net
2025-10-01T05:34:36,35,116,0,net
2025-10-01T05:34:52,35,118,0,net
2025-10-01T05:35:15,35,161,0,net
2025-10-01T05:36:05,35,160,26,net
2025-10-01T05:36:17,35,169,0,net
2025-10-01T05:36:26,35,185,0,net
2025-10-01T05:36:45,35,200,0,net
2025-10-01T05:38:10,35,394,0,net
2025-10-01T05:38:25,35,416,0,net
2025-10-01T05:39:07,35,235,0,net
2025-10-01T05:39:24,35,257,0,net
2025-10-01T05:39:39,35,426,0,net
2025-10-01T05:40:06,35,275,0,net
2025-10-01T05:40:15,35,288,0,net
2025-10-01T05:40:28,35,294,0,net
2025-10-01T05:40:38,35,311,0,net
2025-10-01T05:40:54,488,10,0,net
2025-10-01T05:41:12,488,35,1,net
2025-10-01T05:41:34,488,29,0,net
2025-10-01T05:41:58,488,51,0,net
2025-10-01T05:42:07,488,74,0,net
2025-10-01T05:42:22,488,82,0,net
2025-10-01T05:42:27,488,88,0,net
2025-10-01T05:44:08,488,120,0,net
2025-10-01T05:45:51,488,146,2,net
2025-10-01T05:46:10,488,116,0,net
2025-10-01T05:46:30,488,118,0,net
2025-10-01T05:46:47,488,161,0,net
2025-10-01T05:48:17,488,160,3,net
2025-10-01T05:48:32,488,169,0,net
2025-10-01T05:49:43,488,185,0,net
2025-10-01T05:50:45,488,200,0,net
2025-10-01T05:51:10,488,394,0,net
2025-10-01T05:51:22,488,416,0,net
2025-10-01T05:51:44,488,235,0,net
2025-10-01T05:54:31,488,257,0,net
2025-10-01T05:54:52,488,426,0,net
2025-10-01T05:55:29,488,275,0,net
2025-10-01T05:55:39,488,288,0,net
2025-10-01T05:56:02,488,294,0,net
2025-10-01T05:56:13,488,311,0,net
2025-10-01T05:56:21,25,10,0,net
2025-10-01T05:56:40,25,35,0,net
2025-10-01T05:56:52,25,29,0,net
2025-10-01T05:57:00,25,51,0,net
2025-10-01T05:57:06,25,74,0,net
2025-10-01T05:57:11,25,82,0,net
2025-10-01T05:57:19,25,88,0,net
2025-10-01T05:57:31,25,120,4,net
2025-10-01T05:57:44,25,146,0,net
2025-10-01T05:59:02,25,116,5,net
2025-10-01T06:00:10,25,118,5,net
2025-10-01T06:00:37,25,161,0,net
2025-10-01T06:03:13,25,160,4,net
2025-10-01T06:03:33,25,169,0,net
2025-10-01T06:04:16,25,185,0,net
2025-10-01T06:05:37,25,200,0,net
2025-10-01T06:06:38,25,394,0,net
2025-10-01T06:07:01,25,416,0,net
2025-10-01T06:07:23,25,235,0,net
2025-10-01T06:08:11,25,257,3,net
2025-10-01T06:08:17,25,426,0,net
2025-10-01T06:08:46,25,275,0,net
2025-10-01T06:08:57,25,288,0,net
2025-10-01T06:09:07,25,294,0,net
2025-10-01T06:09:18,25,311,0,net
2025-10-01T06:09:31,28,10,0,net
2025-10-01T06:10:27,28,35,0,net
2025-10-01T06:11:29,28,29,0,net
2025-10-01T06:11:58,28,51,0,net
2025-10-01T06:12:16,28,74,0,net
2025-10-01T06:12:24,28,82,0,net
2025-10-01T06:12:29,28,88,0,net
2025-10-01T06:12:55,28,120,0,net
2025-10-01T06:13:35,28,146,0,net
2025-10-01T06:15:01,28,116,0,net
2025-10-01T06:15:30,28,118,0,net
2025-10-01T06:16:32,28,161,4,net
2025-10-01T06:18:15,28,160,4,net
2025-10-01T06:18:35,28,169,0,net
2025-10-01T06:19:13,28,185,0,net
2025-10-01T06:20:24,28,200,0,net
2025-10-01T06:21:19,28,394,0,net
2025-10-01T06:22:07,28,416,0,net
2025-10-01T06:23:14,28,235,4,net
2025-10-01T06:24:01,28,257,0,net
2025-10-01T06:24:16,28,426,0,net
2025-10-01T06:24:49,28,275,3,net
2025-10-01T06:25:52,28,288,0,net
2025-10-01T06:27:12,28,294,0,net
2025-10-01T06:27:51,28,311,0,net
2025-10-01T06:29:06,39,10,0,net
2025-10-01T06:30:33,39,35,0,net
2025-10-01T06:32:22,39,29,0,net
2025-10-01T06:32:54,39,51,0,net
2025-10-01T06:33:26,39,74,0,net
2025-10-01T06:34:50,39,82,0,net
2025-10-01T06:38:20,39,88,0,net
2025-10-01T06:40:05,39,120,0,net
2025-10-01T06:40:27,39,146,0,net
2025-10-01T06:40:45,39,116,0,net
2025-10-01T06:41:00,39,118,0,net
2025-10-01T06:41:27,39,161,0,net
2025-10-01T06:42:22,39,160,9,net
2025-10-01T06:42:35,39,169,0,net
2025-10-01T06:43:13,39,185,0,net
2025-10-01T06:46:25,39,200,10,net
2025-10-01T06:47:30,39,394,0,net
2025-10-01T06:47:55,39,416,0,net
2025-10-01T06:48:13,39,235,0,net
2025-10-01T06:49:28,39,257,0,net
2025-10-01T06:49:46,39,426,0,net
2025-10-01T06:51:09,39,275,0,net
2025-10-01T06:51:30,39,288,0,net
2025-10-01T06:52:00,39,294,0,net
2025-10-01T06:52:29,39,311,0,net
2025-10-01T06:53:27,33,10,0,net
2025-10-01T06:54:51,33,35,0,net
2025-10-01T06:55:55,33,29,0,net
2025-10-01T06:56:28,33,51,0,net
2025-10-01T06:56:50,33,74,0,net
2025-10-01T06:57:11,33,82,0,net
2025-10-01T06:57:27,33,88,0,net
2025-10-01T06:58:02,33,120,0,net
2025-10-01T06:59:10,33,146,0,net
2025-10-01T07:00:36,33,116,0,net
2025-10-01T07:01:19,33,118,0,net
2025-10-01T07:02:14,33,161,4,net
2025-10-01T07:04:39,33,160,4,net
2025-10-01T07:04:52,33,169,0,net
2025-10-01T07:05:11,33,185,0,net
2025-10-01T07:05:35,33,200,0,net
2025-10-01T07:06:32,33,394,0,net
2025-10-01T07:06:47,33,416,0,net
2025-10-01T07:08:49,33,235,4,net
2025-10-01T07:09:16,33,257,0,net
2025-10-01T07:09:36,33,426,0,net
2025-10-01T07:10:15,33,275,3,net
2025-10-01T07:10:36,33,288,0,net
2025-10-01T07:10:48,33,294,0,net
2025-10-01T07:11:01,33,311,0,net
2025-10-01T07:11:14,24,10,0,net
2025-10-01T07:11:38,24,35,0,net
2025-10-01T07:11:53,24,29,0,net
2025-10-01T07:12:05,24,51,0,net
2025-10-01T07:12:25,24,74,4,net
2025-10-01T07:12:37,24,82,3,net
2025-10-01T07:13:45,24,88,2,net
2025-10-01T07:15:22,24,120,0,net
2025-10-01T07:15:34,24,146,0,net
2025-10-01T07:15:54,24,116,0,net
2025-10-01T07:16:18,24,118,0,net
2025-10-01T07:16:50,24,161,0,net
2025-10-01T07:19:23,24,160,3,net
2025-10-01T07:19:34,24,169,0,net
2025-10-01T07:20:06,24,185,1,net
2025-10-01T07:20:19,24,200,0,net
2025-10-01T07:20:35,24,394,0,net
2025-10-01T07:20:52,24,416,0,net
2025-10-01T07:21:02,24,235,0,net
2025-10-01T07:21:48,24,257,0,net
2025-10-01T07:22:11,24,426,0,net
2025-10-01T07:22:48,24,275,0,net
2025-10-01T07:23:53,24,288,1,net
2025-10-01T07:24:29,24,294,0,net
2025-10-01T07:24:44,24,311,0,net
2025-10-01T07:25:11,41,10,0,net
2025-10-01T07:26:26,41,35,0,net
2025-10-01T07:30:11,41,29,19,net
2025-10-01T07:31:57,41,51,0,net
2025-10-01T07:32:22,41,74,0,net
2025-10-01T07:32:40,41,82,0,net
2025-10-01T07:33:03,41,88,0,net
2025-10-01T07:34:10,41,120,0,net
2025-10-01T07:34:40,41,146,0,net
2025-10-01T07:35:27,41,116,0,net
2025-10-01T07:35:43,41,118,0,net
2025-10-01T07:36:00,41,161,0,net
2025-10-01T07:39:49,41,160,34,net
2025-10-01T07:39:57,41,169,0,net
2025-10-01T07:40:18,41,185,1,net
2025-10-01T07:40:37,41,200,0,net
2025-10-01T07:40:44,41,394,0,net
2025-10-01T07:40:50,41,416,0,net
2025-10-01T07:40:58,41,235,0,net
2025-10-01T07:41:08,41,257,0,net
2025-10-01T07:41:15,41,426,0,net
2025-10-01T07:41:27,41,275,0,net
2025-10-01T07:41:33,41,288,0,net
2025-10-01T07:41:51,41,294,0,net
2025-10-01T07:41:56,41,311,0,net
2025-10-01T07:42:07,490,10,0,net
2025-10-01T07:42:23,490,35,1,net
2025-10-01T07:42:33,490,29,0,net
2025-10-01T07:43:00,490,51,0,net
2025-10-01T07:44:45,490,74,0,net
2025-10-01T07:45:23,490,82,0,net
2025-10-01T07:45:36,490,88,0,net
2025-10-01T07:47:50,490,120,0,net
2025-10-01T07:48:58,490,146,2,net
2025-10-01T07:49:18,490,116,0,net
2025-10-01T07:49:53,490,118,0,net
2025-10-01T07:50:18,490,161,0,net
2025-10-01T07:53:50,490,160,3,net
2025-10-01T07:54:15,490,169,0,net
2025-10-01T07:54:40,490,185,0,net
2025-10-01T07:55:05,490,200,0,net
2025-10-01T07:55:18,490,394,0,net
2025-10-01T07:55:37,490,416,0,net
2025-10-01T07:56:17,490,235,0,net
2025-10-01T07:56:59,490,257,0,net
2025-10-01T07:57:19,490,426,0,net
2025-10-01T07:57:52,490,275,0,net
2025-10-01T07:58:35,490,288,0,net
2025-10-01T08:00:57,490,294,0,net
2025-10-01T08:01:33,490,311,0,net
2025-10-01T08:02:27,26,10,0,net
2025-10-01T08:04:10,26,35,0,net
2025-10-01T08:08:49,26,29,0,net
2025-10-01T08:09:22,26,51,0,net
2025-10-01T08:09:43,26,74,0,net
2025-10-01T08:09:57,26,82,0,net
2025-10-01T08:10:30,26,88,0,net
2025-10-01T08:11:18,26,120,0,net
2025-10-01T08:11:40,26,146,0,net
2025-10-01T08:11:57,26,116,0,net
2025-10-01T08:12:24,26,118,0,net
2025-10-01T08:13:01,26,161,0,net
2025-10-01T08:15:04,26,160,0,net
2025-10-01T08:15:08,26,169,0,net
2025-10-01T08:15:18,26,185,0,net
2025-10-01T08:15:26,26,200,0,net
2025-10-01T08:15:54,26,394,0,net
2025-10-01T08:16:30,26,416,0,net
2025-10-01T08:17:33,26,235,0,net
2025-10-01T08:17:53,26,257,0,net
2025-10-01T08:18:01,26,426,0,net
2025-10-01T08:18:16,26,275,0,net
2025-10-01T08:18:33,26,288,0,net
2025-10-01T08:18:51,26,294,0,net
2025-10-01T08:19:02,26,311,0,net
2025-10-01T08:19:33,32,10,6,net
2025-10-01T08:20:19,32,35,4,net
2025-10-01T08:20:49,32,29,0,net
2025-10-01T08:21:12,32,51,7,net
2025-10-01T08:21:22,32,74,0,net
2025-10-01T08:21:48,32,82,0,net
2025-10-01T08:22:28,32,88,0,net
2025-10-01T08:24:16,32,120,0,net
2025-10-01T08:25:39,32,146,2,net
2025-10-01T08:26:06,32,116,0,net
2025-10-01T08:26:54,32,118,0,net
2025-10-01T08:28:12,32,161,0,net
2025-10-01T08:31:15,32,160,6,net
2025-10-01T08:32:02,32,169,0,net
2025-10-01T08:33:09,32,185,0,net
2025-10-01T08:35:06,32,200,0,net
2025-10-01T08:35:43,32,394,0,net
2025-10-01T08:36:35,32,416,0,net
2025-10-01T08:37:20,32,235,0,net
2025-10-01T08:38:36,32,257,0,net
2025-10-01T08:38:49,32,426,0,net
2025-10-01T08:39:17,32,275,0,net
2025-10-01T08:39:34,32,288,0,net
2025-10-01T08:40:06,32,294,0,net
2025-10-01T08:40:52,32,311,0,net
2025-10-01T08:42:43,36,10,3,net
2025-10-01T08:46:11,36,35,11,net
2025-10-01T08:48:34,36,29,0,net
2025-10-01T08:50:58,36,51,3,net
2025-10-01T08:51:19,36,74,0,net
2025-10-01T08:51:40,36,82,0,net
2025-10-01T08:51:59,36,88,0,net
2025-10-01T08:52:53,36,120,0,net
2025-10-01T08:53:17,36,146,2,net
2025-10-01T08:53:46,36,116,0,net
2025-10-01T08:54:23,36,118,0,net
2025-10-01T08:55:34,36,161,0,net
2025-10-01T08:56:53,36,160,10,net
2025-10-01T08:57:02,36,169,0,net
2025-10-01T08:57:22,36,185,0,net
2025-10-01T08:58:03,36,200,0,net
2025-10-01T08:59:58,36,394,0,net
2025-10-01T09:00:29,36,416,0,net
2025-10-01T09:01:00,36,235,0,net
2025-10-01T09:01:36,36,257,0,net
2025-10-01T09:01:55,36,426,0,net
2025-10-01T09:02:21,36,275,0,net
2025-10-01T09:02:30,36,288,0,net
2025-10-01T09:02:43,36,294,0,net
2025-10-01T09:02:53,36,311,0,net
2025-10-01T09:03:07,30,10,0,net
2025-10-01T09:03:23,30,35,0,net
2025-10-01T09:03:48,30,29,0,net
2025-10-01T09:04:44,30,51,0,net
2025-10-01T09:05:54,30,74,0,net
2025-10-01T09:06:14,30,82,0,net
2025-10-01T09:06:26,30,88,0,net
2025-10-01T09:06:45,30,120,0,net
2025-10-01T09:07:44,30,146,0,net
2025-10-01T09:09:57,30,116,0,net
2025-10-01T09:10:29,30,118,0,net
2025-10-01T09:12:31,30,161,13,net
2025-10-01T09:19:24,30,160,13,net
2025-10-01T09:20:10,30,169,0,net
2025-10-01T09:22:02,30,185,0,net
2025-10-01T09:22:58,30,200,0,net
2025-10-01T09:26:04,30,394,0,net
2025-10-01T09:28:03,30,416,0,net
2025-10-01T09:35:31,30,235,4,net
2025-10-01T09:51:49,30,257,0,net
2025-10-01T09:52:32,30,426,0,net
2025-10-01T09:54:56,30,275,11,net
2025-10-01T09:55:17,30,288,0,net
2025-10-01T09:55:33,30,294,0,net
2025-10-01T09:55:48,30,311,0,net
2025-10-01T09:56:34,38,10,7,net
2025-10-01T09:57:00,38,35,4,net
2025-10-01T09:57:25,38,29,0,net
2025-10-01T10:01:25,38,51,8,net
2025-10-01T10:01:59,38,74,0,net
2025-10-01T10:02:31,38,82,0,net
2025-10-01T10:02:53,38,88,0,net
2025-10-01T10:03:24,38,120,0,net
2025-10-01T10:03:36,38,146,3,net
2025-10-01T10:03:53,38,116,0,net
2025-10-01T10:04:09,38,118,0,net
2025-10-01T10:04:25,38,161,0,net
2025-10-01T10:05:03,38,160,6,net
2025-10-01T10:05:15,38,169,0,net
2025-10-01T10:05:28,38,185,0,net
2025-10-01T10:05:53,38,200,0,net
2025-10-01T10:06:09,38,394,0,net
2025-10-01T10:06:15,38,416,0,net
2025-10-01T10:06:30,38,235,0,net
2025-10-01T10:06:51,38,257,0,net
2025-10-01T10:07:27,38,426,0,net
2025-10-01T10:08:34,38,275,0,net
2025-10-01T10:08:40,38,288,0,net
2025-10-01T10:09:01,38,294,0,net
2025-10-01T10:09:17,38,311,0,net
2025-10-01T10:09:29,37,10,0,net
2025-10-01T10:12:41,37,35,0,net
2025-10-01T10:14:51,37,29,0,net
2025-10-01T10:15:20,37,51,0,net
2025-10-01T10:15:51,37,74,0,net
2025-10-01T10:16:10,37,82,0,net
2025-10-01T10:16:32,37,88,0,net
2025-10-01T10:17:34,37,120,0,net
2025-10-01T10:19:11,37,146,0,net
2025-10-01T10:23:04,37,116,0,net
2025-10-01T10:24:01,37,118,0,net
2025-10-01T10:27:10,37,161,12,net
2025-10-01T10:40:20,37,160,12,net
2025-10-01T10:40:48,37,169,0,net
2025-10-01T10:41:35,37,185,0,net
2025-10-01T10:42:14,37,200,0,net
2025-10-01T10:42:50,37,394,0,net
2025-10-01T10:43:06,37,416,0,net
2025-10-01T10:43:39,37,235,4,net
2025-10-01T10:44:00,37,257,0,net
2025-10-01T10:44:15,37,426,0,net
2025-10-01T10:44:56,37,275,11,net
2025-10-01T10:45:03,37,288,0,net
2025-10-01T10:45:32,37,294,0,net
2025-10-01T10:46:04,37,311,0,net
2025-10-01T10:47:01,40,10,0,net
2025-10-01T10:49:55,40,35,0,net
2025-10-01T10:52:32,40,29,22,net
2025-10-01T10:52:52,40,51,0,net
2025-10-01T10:53:13,40,74,0,net
2025-10-01T10:53:26,40,82,0,net
2025-10-01T10:53:33,40,88,0,net
2025-10-01T10:53:54,40,120,0,net
2025-10-01T10:54:02,40,146,0,net
2025-10-01T10:54:11,40,116,0,net
2025-10-01T10:54:25,40,118,0,net
2025-10-01T10:54:42,40,161,0,net
2025-10-01T10:59:16,40,160,27,net
2025-10-01T10:59:41,40,169,0,net
2025-10-01T11:00:21,40,185,3,net
2025-10-01T11:00:33,40,200,0,net
2025-10-01T11:01:08,40,394,0,net
2025-10-01T11:02:24,40,416,0,net
2025-10-01T11:03:47,40,235,0,net
2025-10-01T11:04:46,40,257,0,net
2025-10-01T11:05:00,40,426,0,net
2025-10-01T11:05:28,40,275,0,net
2025-10-01T11:05:39,40,288,0,net
2025-10-01T11:06:08,40,294,0,net
2025-10-01T11:06:25,40,311,0,net
2025-10-01T11:06:56,27,10,0,net
2025-10-01T11:08:58,27,35,0,net
2025-10-01T11:11:47,27,29,19,net
2025-10-01T11:12:33,27,51,0,net
2025-10-01T11:13:30,27,74,0,net
2025-10-01T11:15:14,27,82,0,net
2025-10-01T11:15:45,27,88,0,net
2025-10-01T11:18:16,27,120,0,net
2025-10-01T11:18:44,27,146,0,net
2025-10-01T11:19:55,27,116,0,net
2025-10-01T11:21:02,27,118,0,net
2025-10-01T11:22:48,27,161,0,net
2025-10-01T11:39:39,27,160,33,net
2025-10-01T11:39:49,27,169,0,net
2025-10-01T11:40:28,27,185,1,net
2025-10-01T11:40:55,27,200,0,net
2025-10-01T11:41:32,27,394,0,net
2025-10-01T11:41:46,27,416,0,net
2025-10-01T11:42:04,27,235,0,net
2025-10-01T11:42:29,27,257,0,net
2025-10-01T11:42:53,27,426,0,net
2025-10-01T11:44:21,27,275,0,net
2025-10-01T11:44:50,27,288,0,net
2025-10-01T11:45:25,27,294,0,net
2025-10-01T11:45:39,27,311,0,net
2025-10-01T11:45:54,29,10,0,net
2025-10-01T11:46:32,29,35,0,net
2025-10-01T11:47:41,29,27,22,net
2025-10-01T11:48:02,29,51,0,net
2025-10-01T11:48:18,29,74,0,net
2025-10-01T11:48:53,29,82,0,net
2025-10-01T11:49:59,29,88,0,net
2025-10-01T11:51:11,29,120,0,net
2025-10-01T11:51:47,29,146,0,net
2025-10-01T11:52:23,29,116,0,net
2025-10-01T11:53:07,29,118,0,net
2025-10-01T11:53:40,29,161,0,net
2025-10-01T11:56:18,29,160,25,net
2025-10-01T11:56:29,29,169,0,net
2025-10-01T11:56:43,29,185,2,net
2025-10-01T11:56:52,29,200,0,net
2025-10-01T11:57:21,29,394,0,net
2025-10-01T11:57:48,29,416,0,net
2025-10-01T11:58:34,29,235,0,net
2025-10-01T11:59:48,29,257,0,net
2025-10-01T12:00:05,29,426,0,net
2025-10-01T12:00:24,29,275,0,net
2025-10-01T12:00:43,29,288,0,net
2025-10-01T12:00:56,29,294,0,net
2025-10-01T12:01:07,29,311,0,net
2025-10-01T12:01:21,475,10,0,net
2025-10-01T12:01:29,475,35,0,net
2025-10-01T12:01:43,475,27,0,net
2025-10-01T12:01:54,475,51,0,net
2025-10-01T12:02:02,475,74,0,net
2025-10-01T12:02:14,475,82,0,net
2025-10-01T12:02:38,475,88,0,net
2025-10-01T12:02:54,475,120,0,net
2025-10-01T12:03:08,475,146,0,net
2025-10-01T12:03:22,475,116,0,net
2025-10-01T12:03:57,475,118,0,net
2025-10-01T12:04:53,475,161,0,net
2025-10-01T12:05:30,475,160,0,net
2025-10-01T12:05:41,475,169,0,net
2025-10-01T12:05:46,475,185,0,net
2025-10-01T12:05:53,475,200,0,net
2025-10-01T12:06:04,475,394,0,net
2025-10-01T12:06:37,475,416,0,net
2025-10-01T12:07:09,475,235,0,net
2025-10-01T12:07:39,475,257,0,net
2025-10-01T12:07:46,475,426,0,net
2025-10-01T12:08:07,475,275,0,net
2025-10-01T12:08:18,475,288,0,net
2025-10-01T12:08:35,475,294,0,net
2025-10-01T12:09:14,475,311,0,net
2025-10-01T12:09:32,398,10,0,net
2025-10-01T12:11:07,398,35,0,net
2025-10-01T12:11:43,398,27,0,net
2025-10-01T12:12:06,398,51,0,net
2025-10-01T12:12:14,398,74,0,net
2025-10-01T12:12:55,398,82,0,net
2025-10-01T12:13:51,398,88,0,net
2025-10-01T12:14:52,398,120,0,net
2025-10-01T12:15:31,398,146,0,net
2025-10-01T12:15:46,398,116,0,net
2025-10-01T12:16:49,398,118,0,net
2025-10-01T12:17:23,398,161,0,net
2025-10-01T12:20:05,398,160,2,net
2025-10-01T12:21:24,398,169,0,net
2025-10-01T12:22:28,398,185,1,net
2025-10-01T12:23:04,398,200,0,net
2025-10-01T12:23:58,398,394,5,net
2025-10-01T12:24:15,398,416,0,net
2025-10-01T12:24:32,398,235,0,net
2025-10-01T12:24:56,398,257,0,net
2025-10-01T12:25:15,398,426,4,net
2025-10-01T12:25:36,398,275,0,net
2025-10-01T12:25:48,398,288,0,net
2025-10-01T12:26:15,398,294,0,net
2025-10-01T12:26:32,398,311,0,net
2025-10-01T12:26:57,371,10,0,net
2025-10-01T12:27:21,371,35,0,net
2025-10-01T12:28:07,371,27,0,net
2025-10-01T12:29:35,371,51,0,net
2025-10-01T12:29:59,371,74,0,net
2025-10-01T12:30:16,371,82,0,net
2025-10-01T12:30:46,371,88,0,net
2025-10-01T12:31:48,371,120,0,net
2025-10-01T12:32:01,371,146,0,net
2025-10-01T12:32:21,371,116,0,net
2025-10-01T12:32:51,371,118,0,net
2025-10-01T12:33:29,371,161,0,net
2025-10-01T12:44:40,371,160,1,net
2025-10-01T12:46:58,371,169,0,net
2025-10-01T12:50:41,371,185,0,net
2025-10-01T12:53:06,371,200,0,net
2025-10-01T12:54:00,371,394,0,net
2025-10-01T12:54:32,371,416,0,net
2025-10-01T12:56:17,371,235,0,net
2025-10-01T13:02:09,371,257,0,net
2025-10-01T13:03:37,371,426,0,net
2025-10-01T13:08:04,371,275,0,net
2025-10-01T13:20:54,371,288,0,net
2025-10-01T13:22:05,371,294,0,net
2025-10-01T13:22:27,371,311,0,net
2025-10-01T13:23:06,44,10,0,net
2025-10-01T13:25:29,44,35,0,net
2025-10-01T13:26:01,44,27,0,net
2025-10-01T13:28:04,44,51,0,net
2025-10-01T13:28:41,44,74,0,net
2025-10-01T13:29:12,44,82,0,net
2025-10-01T13:29:19,44,88,0,net
2025-10-01T13:29:44,44,120,0,net
2025-10-01T13:29:51,44,146,0,net
2025-10-01T13:30:01,44,116,0,net
2025-10-01T13:30:16,44,118,0,net
2025-10-01T13:30:35,44,161,12,net
2025-10-01T13:35:16,44,160,12,net
2025-10-01T13:35:25,44,169,0,net
2025-10-01T13:35:53,44,185,0,net
2025-10-01T13:36:05,44,200,0,net
2025-10-01T13:36:16,44,394,0,net
2025-10-01T13:36:28,44,416,0,net
2025-10-01T13:38:25,44,235,4,net
2025-10-01T13:39:07,44,257,0,net
2025-10-01T13:39:24,44,426,0,net
2025-10-01T13:43:38,44,275,10,net
2025-10-01T13:44:00,44,288,0,net
2025-10-01T13:44:47,44,294,0,net
2025-10-01T13:45:17,44,311,0,net
2025-10-01T13:45:46,43,10,0,net
2025-10-01T13:46:42,43,35,0,net
2025-10-01T13:47:15,43,27,0,net
2025-10-01T13:47:29,43,51,0,net
2025-10-01T13:47:48,43,74,2,net
2025-10-01T13:48:02,43,82,1,net
2025-10-01T13:48:09,43,88,1,net
2025-10-01T13:48:25,43,120,0,net
2025-10-01T13:48:48,43,146,0,net
2025-10-01T13:49:22,43,116,0,net
2025-10-01T13:50:28,43,118,0,net
2025-10-01T13:51:23,43,161,0,net
2025-10-01T13:53:23,43,160,1,net
2025-10-01T13:53:34,43,169,0,net
2025-10-01T13:53:48,43,185,0,net
2025-10-01T13:54:04,43,200,0,net
2025-10-01T13:54:20,43,394,0,net
2025-10-01T13:54:32,43,416,0,net
2025-10-01T13:54:55,43,235,0,net
2025-10-01T13:55:50,43,257,0,net
2025-10-01T13:57:18,43,426,0,net
2025-10-01T13:58:01,43,275,0,net
2025-10-01T13:58:11,43,288,0,net
2025-10-01T13:58:37,43,294,0,net
2025-10-01T13:58:55,43,311,0,net
2025-10-01T13:59:11,423,10,0,net
2025-10-01T13:59:49,423,35,0,net
2025-10-01T14:00:10,423,27,0,net
2025-10-01T14:00:17,423,51,0,net
2025-10-01T14:00:44,423,74,0,net
2025-10-01T14:01:40,423,82,0,net
2025-10-01T14:02:40,423,88,0,net
2025-10-01T14:03:02,423,120,0,net
2025-10-01T14:03:21,423,146,0,net
2025-10-01T14:03:46,423,116,0,net
2025-10-01T14:04:00,423,118,0,net
2025-10-01T14:04:23,423,161,0,net
2025-10-01T14:06:57,423,160,3,net
2025-10-01T14:08:14,423,169,0,net
2025-10-01T14:11:05,423,185,1,net
2025-10-01T14:11:53,423,200,0,net
2025-10-01T14:13:10,423,394,5,net
2025-10-01T14:13:43,423,416,0,net
2025-10-01T14:14:10,423,235,0,net
2025-10-01T14:14:52,423,257,0,net
2025-10-01T14:15:26,423,426,4,net
2025-10-01T14:16:06,423,275,0,net
2025-10-01T14:17:53,423,288,0,net
2025-10-01T14:18:14,423,294,0,net
2025-10-01T14:18:33,423,311,0,net
2025-10-01T14:18:57,61,10,4,net
2025-10-01T14:26:35,61,35,40,net
2025-10-01T14:27:56,61,27,24,net
2025-10-01T14:28:19,61,51,5,net
2025-10-01T14:28:26,61,74,4,net
2025-10-01T14:28:43,61,82,3,net
2025-10-01T14:29:06,61,88,2,net
2025-10-01T14:29:36,61,120,9,net
2025-10-01T14:30:06,61,146,3,net
2025-10-01T14:30:54,61,116,4,net
2025-10-01T14:33:28,61,118,5,net
2025-10-01T14:38:32,61,161,13,net
2025-10-01T14:46:44,61,160,103,net
2025-10-01T14:48:27,61,169,0,net
2025-10-01T14:50:30,61,185,5,net
2025-10-01T14:52:16,61,200,10,net
2025-10-01T14:56:20,61,394,2,net
2025-10-01T14:57:21,61,416,0,net
2025-10-01T14:59:25,61,235,4,net
2025-10-01T15:04:16,61,257,8,net
2025-10-01T15:08:25,61,426,2,net
2025-10-01T15:10:39,61,275,15,net
2025-10-01T15:10:49,61,288,1,net
2025-10-01T15:11:49,61,294,1,net
2025-10-01T15:12:47,61,311,1,net
2025-10-01T15:13:04,46,10,0,net
2025-10-01T15:13:43,46,35,0,net
2025-10-01T15:15:51,46,27,0,net
2025-10-01T15:16:48,46,51,0,net
2025-10-01T15:17:21,46,74,0,net
2025-10-01T15:17:45,46,82,0,net
2025-10-01T15:18:05,46,88,0,net
2025-10-01T15:18:21,46,120,0,net
2025-10-01T15:18:32,46,146,0,net
2025-10-01T15:18:42,46,116,0,net
2025-10-01T15:18:53,46,118,0,net
2025-10-01T15:19:13,46,161,0,net
2025-10-01T15:23:10,46,160,9,net
2025-10-01T15:23:54,46,169,0,net
2025-10-01T15:25:43,46,185,0,net
2025-10-01T15:26:38,46,200,10,net
2025-10-01T15:27:02,46,394,0,net
2025-10-01T15:27:24,46,416,0,net
2025-10-01T15:27:36,46,235,0,net
2025-10-01T15:27:58,46,257,0,net
2025-10-01T15:28:06,46,426,0,net
2025-10-01T15:28:19,46,275,0,net
2025-10-01T15:28:28,46,288,0,net
2025-10-01T15:28:50,46,294,0,net
2025-10-01T15:29:19,46,311,0,net
2025-10-01T15:30:17,53,10,0,net
2025-10-01T15:31:38,53,35,0,net
2025-10-01T15:32:11,53,27,30,net
2025-10-01T15:32:59,53,51,0,net
2025-10-01T15:34:19,53,74,0,net
2025-10-01T15:34:50,53,82,0,net
2025-10-01T15:35:09,53,88,0,net
2025-10-01T15:39:00,53,120,0,net
2025-10-01T15:39:36,53,146,0,net
2025-10-01T15:42:02,53,116,0,net
2025-10-01T15:43:26,53,118,0,net
2025-10-01T15:45:28,53,161,0,net
2025-10-01T15:53:58,53,160,32,net
2025-10-01T15:54:11,53,169,0,net
2025-10-01T15:54:39,53,185,1,net
2025-10-01T15:55:32,53,200,0,net
2025-10-01T15:55:54,53,394,0,net
2025-10-01T15:56:13,53,416,0,net
2025-10-01T15:57:06,53,235,0,net
2025-10-01T15:57:56,53,257,0,net
2025-10-01T15:58:39,53,426,0,net
2025-10-01T16:00:49,53,275,0,net
2025-10-01T16:01:14,53,288,0,net
2025-10-01T16:02:10,53,294,0,net
2025-10-01T16:03:14,53,311,0,net
2025-10-01T16:04:24,54,10,1,net
2025-10-01T16:09:03,54,35,37,net
2025-10-01T16:13:09,54,27,0,net
2025-10-01T16:15:05,54,51,2,net
2025-10-01T16:16:53,54,74,0,net
2025-10-01T16:17:59,54,82,0,net
2025-10-01T16:19:01,54,88,0,net
2025-10-01T16:23:16,54,120,0,net
2025-10-01T16:28:48,54,146,1,net
2025-10-01T16:29:12,54,116,0,net
2025-10-01T16:34:41,54,118,0,net
2025-10-01T16:35:51,54,161,0,net
2025-10-01T17:00:24,54,160,23,net
2025-10-01T17:00:57,54,169,0,net
2025-10-01T17:01:50,54,185,0,net
2025-10-01T17:02:28,54,200,0,net
2025-10-01T17:02:59,54,394,0,net
2025-10-01T17:03:51,54,416,0,net
2025-10-01T17:05:55,54,235,0,net
2025-10-01T17:06:41,54,257,0,net
2025-10-01T17:09:14,54,426,0,net
2025-10-01T17:10:10,54,275,0,net
2025-10-01T17:10:46,54,288,0,net
2025-10-01T17:10:57,54,294,0,net
2025-10-01T17:11:15,54,311,0,net
2025-10-01T17:11:30,47,10,0,net
2025-10-01T17:12:25,47,35,0,net
2025-10-01T17:16:30,47,27,26,net
2025-10-01T17:17:41,47,51,0,net
2025-10-01T17:18:56,47,74,0,net
2025-10-01T17:19:10,47,82,0,net
2025-10-01T17:19:34,47,88,0,net
2025-10-01T17:19:51,47,120,1,net
2025-10-01T17:19:59,47,146,0,net
2025-10-01T17:20:12,47,116,0,net
2025-10-01T17:20:23,47,118,0,net
2025-10-01T17:20:54,47,161,13,net
2025-10-01T17:23:51,47,160,64,net
2025-10-01T17:24:07,47,169,0,net
2025-10-01T17:24:51,47,185,3,net
2025-10-01T17:25:43,47,200,0,net
2025-10-01T17:27:01,47,394,0,net
2025-10-01T17:28:04,47,416,0,net
2025-10-01T17:28:56,47,235,4,net
2025-10-01T17:31:01,47,257,1,net
2025-10-01T17:32:08,47,426,0,net
2025-10-01T17:33:13,47,275,15,net
2025-10-01T17:33:25,47,288,0,net
2025-10-01T17:34:36,47,294,0,net
2025-10-01T17:36:25,47,311,0,net
2025-10-01T17:36:56,48,10,0,net
2025-10-01T17:37:31,48,35,0,net
2025-10-01T17:37:55,48,27,0,net
2025-10-01T17:38:18,48,51,0,net
2025-10-01T17:38:25,48,74,0,net
2025-10-01T17:38:35,48,82,0,net
2025-10-01T17:38:52,48,88,0,net
2025-10-01T17:39:32,48,120,4,net
2025-10-01T17:40:05,48,146,0,net
2025-10-01T17:42:21,48,116,5,net
2025-10-01T17:44:22,48,118,5,net
2025-10-01T17:45:08,48,161,0,net
2025-10-01T17:46:43,48,160,4,net
2025-10-01T17:47:03,48,169,0,net
2025-10-01T17:47:18,48,185,0,net
2025-10-01T17:47:31,48,200,0,net
2025-10-01T17:47:54,48,394,0,net
2025-10-01T17:48:20,48,416,0,net
2025-10-01T17:48:46,48,235,0,net
2025-10-01T17:51:14,48,257,3,net
2025-10-01T17:51:32,48,426,0,net
2025-10-01T17:51:59,48,275,0,net
2025-10-01T17:52:27,48,288,0,net
2025-10-01T17:52:41,48,294,0,net
2025-10-01T17:52:50,48,311,0,net
2025-10-01T17:53:07,52,10,0,net
2025-10-01T17:53:25,52,35,0,net
2025-10-01T17:53:43,52,27,0,net
2025-10-01T17:53:55,52,51,0,net
2025-10-01T17:54:38,52,74,3,net
2025-10-01T17:55:47,52,82,3,net
2025-10-01T17:57:18,52,88,2,net
2025-10-01T17:58:21,52,120,0,net
2025-10-01T17:58:36,52,146,0,net
2025-10-01T17:58:59,52,116,0,net
2025-10-01T17:59:36,52,118,0,net
2025-10-01T18:00:16,52,161,0,net
2025-10-01T18:02:53,52,160,2,net
2025-10-01T18:03:01,52,169,0,net
2025-10-01T18:04:01,52,185,1,net
2025-10-01T18:04:29,52,200,0,net
2025-10-01T18:04:47,52,394,0,net
2025-10-01T18:05:00,52,416,0,net
2025-10-01T18:05:10,52,235,0,net
2025-10-01T18:05:26,52,257,0,net
2025-10-01T18:05:45,52,426,0,net
2025-10-01T18:06:08,52,275,0,net
2025-10-01T18:06:33,52,288,2,net
2025-10-01T18:06:50,52,294,0,net
2025-10-01T18:07:19,52,311,0,net
2025-10-01T18:08:20,417,10,0,net
2025-10-01T18:09:12,417,35,0,net
2025-10-01T18:11:11,417,27,0,net
2025-10-01T18:11:42,417,51,0,net
2025-10-01T18:12:28,417,74,0,net
2025-10-01T18:12:45,417,82,0,net
2025-10-01T18:13:22,417,88,0,net
2025-10-01T18:13:52,417,120,0,net
2025-10-01T18:14:09,417,146,0,net
2025-10-01T18:14:19,417,116,0,net
2025-10-01T18:14:41,417,118,0,net
2025-10-01T18:14:55,417,161,0,net
2025-10-01T18:15:27,417,160,0,net
2025-10-01T18:15:50,417,169,0,net
2025-10-01T18:18:18,417,185,4,net
2025-10-01T18:18:38,417,200,0,net
2025-10-01T18:18:58,417,394,0,net
2025-10-01T18:19:32,417,416,3,net
2025-10-01T18:19:48,417,235,0,net
2025-10-01T18:20:00,417,257,0,net
2025-10-01T18:20:11,417,426,0,net
2025-10-01T18:20:30,417,275,0,net
2025-10-01T18:20:40,417,288,0,net
2025-10-01T18:21:01,417,294,0,net
2025-10-01T18:21:15,417,311,0,net
2025-10-01T18:21:21,50,10,0,net
2025-10-01T18:21:58,50,35,0,net
2025-10-01T18:23:02,50,27,0,net
2025-10-01T18:24:16,50,51,0,net
2025-10-01T18:24:40,50,74,0,net
2025-10-01T18:24:58,50,82,0,net
2025-10-01T18:25:24,50,88,0,net
2025-10-01T18:26:16,50,120,4,net
2025-10-01T18:26:39,50,146,0,net
2025-10-01T18:27:06,50,116,5,net
2025-10-01T18:28:04,50,118,5,net
2025-10-01T18:28:20,50,161,0,net
2025-10-01T18:30:11,50,160,4,net
2025-10-01T18:30:23,50,169,0,net
2025-10-01T18:32:04,50,185,0,net
2025-10-01T18:33:13,50,200,0,net
2025-10-01T18:33:38,50,394,0,net
2025-10-01T18:33:54,50,416,0,net
2025-10-01T18:34:44,50,235,0,net
2025-10-01T18:36:02,50,257,3,net
2025-10-01T18:36:36,50,426,0,net
2025-10-01T18:37:13,50,275,0,net
2025-10-01T18:37:40,50,288,0,net
2025-10-01T18:38:00,50,294,0,net
2025-10-01T18:38:21,50,311,0,net
2025-10-01T18:39:33,51,10,7,net
2025-10-01T18:43:22,51,35,3,net
2025-10-01T18:44:24,51,27,0,net
2025-10-01T18:45:01,51,50,0,net
2025-10-01T18:45:19,51,74,0,net
2025-10-01T18:45:43,51,82,0,net
2025-10-01T18:45:58,51,88,0,net
2025-10-01T18:47:00,51,120,0,net
2025-10-01T18:49:12,51,146,2,net
2025-10-01T18:50:53,51,116,0,net
2025-10-01T18:51:44,51,118,0,net
2025-10-01T18:52:14,51,161,0,net
2025-10-01T18:59:31,51,160,4,net
2025-10-01T19:00:10,51,169,0,net
2025-10-01T19:00:51,51,185,0,net
2025-10-01T19:01:30,51,200,0,net
2025-10-01T19:01:46,51,394,0,net
2025-10-01T19:02:04,51,416,0,net
2025-10-01T19:02:47,51,235,0,net
2025-10-01T19:03:22,51,257,0,net
2025-10-01T19:03:42,51,426,0,net
2025-10-01T19:08:49,51,275,0,net
2025-10-01T19:09:08,51,288,0,net
2025-10-01T19:11:23,51,294,0,net
2025-10-01T19:15:22,51,311,0,net
2025-10-01T19:20:58,337,10,0,net
2025-10-01T19:32:23,337,35,0,net
2025-10-01T19:34:20,337,27,0,net
2025-10-01T19:34:53,337,50,0,net
2025-10-01T19:35:41,337,74,0,net
2025-10-01T19:35:49,337,82,0,net
2025-10-01T19:35:56,337,88,0,net
2025-10-01T19:36:31,337,120,1,net
2025-10-01T19:37:09,337,146,0,net
2025-10-01T19:38:40,337,116,0,net
2025-10-01T19:40:10,337,118,0,net
2025-10-01T19:41:04,337,161,0,net
2025-10-01T19:48:26,337,160,1,net
2025-10-01T19:49:33,337,169,0,net
2025-10-01T19:51:49,337,185,0,net
2025-10-01T19:52:24,337,200,0,net
2025-10-01T19:53:21,337,394,0,net
2025-10-01T19:54:19,337,416,0,net
2025-10-01T19:54:58,337,235,0,net
2025-10-01T19:56:27,337,257,2,net
2025-10-01T19:57:05,337,426,0,net
2025-10-01T19:57:32,337,275,0,net
2025-10-01T19:58:21,337,288,0,net
2025-10-01T20:00:52,337,294,0,net
2025-10-01T20:01:26,337,311,0,net
2025-10-01T20:02:12,60,10,1,net
2025-10-01T20:06:30,60,35,22,net
2025-10-01T20:10:10,60,27,0,net
2025-10-01T20:12:41,60,50,0,net
2025-10-01T20:13:19,60,74,0,net
2025-10-01T20:13:52,60,82,0,net
2025-10-01T20:14:34,60,88,0,net
2025-10-01T20:15:13,60,120,0,net
2025-10-01T20:15:41,60,146,0,net
2025-10-01T20:16:39,60,116,0,net
2025-10-01T20:17:35,60,118,0,net
2025-10-01T20:19:03,60,161,0,net
2025-10-01T20:26:22,60,160,15,net
2025-10-01T20:26:54,60,169,0,net
2025-10-01T20:27:42,60,185,0,net
2025-10-01T20:28:02,60,200,0,net
2025-10-01T20:28:27,60,394,0,net
2025-10-01T20:28:45,60,416,0,net
2025-10-01T20:29:15,60,235,0,net
2025-10-01T20:29:35,60,257,0,net
2025-10-01T20:29:50,60,426,0,net
2025-10-01T20:30:39,60,275,0,net
2025-10-01T20:30:57,60,288,0,net
2025-10-01T20:31:37,60,294,0,net
2025-10-01T20:32:31,60,311,0,net
2025-10-01T20:32:51,395,10,0,net
2025-10-01T20:36:07,395,35,0,net
2025-10-01T20:39:53,395,27,0,net
2025-10-01T20:42:12,395,50,0,net
2025-10-01T20:43:44,395,74,0,net
2025-10-01T20:57:08,395,82,0,net
2025-10-01T20:58:47,395,88,0,net
2025-10-01T21:02:50,395,120,0,net
2025-10-01T21:03:50,395,146,0,net
2025-10-01T21:04:27,395,116,0,net
2025-10-01T21:06:06,395,118,0,net
2025-10-01T21:07:56,395,161,0,net
2025-10-01T21:11:10,395,160,2,net
2025-10-01T21:11:25,395,169,0,net
2025-10-01T21:12:17,395,185,1,net
2025-10-01T21:12:37,395,200,0,net
2025-10-01T21:16:41,395,394,5,net
2025-10-01T21:17:50,395,416,0,net
2025-10-01T21:19:22,395,235,0,net
2025-10-01T21:21:45,395,257,0,net
2025-10-01T21:22:25,395,426,4,net
2025-10-01T21:25:04,395,275,0,net
2025-10-01T21:26:44,395,288,0,net
2025-10-01T21:34:39,395,294,0,net
2025-10-01T21:36:12,395,311,0,net
2025-10-01T21:37:04,57,10,0,net
2025-10-01T21:40:43,57,35,0,net
2025-10-01T21:42:39,57,27,0,net
2025-10-01T21:43:56,57,50,7,net
2025-10-01T21:44:14,57,74,0,net
2025-10-01T21:44:28,57,82,0,net
2025-10-01T21:44:51,57,88,0,net
2025-10-01T21:45:40,57,120,4,net
2025-10-01T21:46:51,57,146,0,net
2025-10-01T21:49:31,57,116,5,net
2025-10-01T21:50:10,57,118,5,net
2025-10-01T21:50:36,57,161,0,net
2025-10-01T21:52:32,57,160,4,net
2025-10-01T21:53:42,57,169,0,net
2025-10-01T21:54:08,57,185,0,net
2025-10-01T21:54:32,57,200,0,net
2025-10-01T21:54:51,57,394,0,net
2025-10-01T21:55:15,57,416,0,net
2025-10-01T21:55:45,57,235,0,net
2025-10-01T21:59:35,57,257,3,net
2025-10-01T22:00:49,57,426,0,net
2025-10-01T22:02:13,57,275,0,net
2025-10-01T22:03:26,57,288,0,net
2025-10-01T22:06:03,57,294,0,net
2025-10-01T22:07:23,57,311,0,net
2025-10-01T22:08:00,401,10,0,net
2025-10-01T22:09:39,401,35,0,net
2025-10-01T22:10:08,401,27,0,net
2025-10-01T22:10:40,401,50,0,net
2025-10-01T22:11:20,401,74,0,net
2025-10-01T22:11:33,401,82,0,net
2025-10-01T22:11:57,401,88,0,net
2025-10-01T22:12:23,401,120,0,net
2025-10-01T22:12:35,401,146,0,net
2025-10-01T22:13:03,401,116,0,net
2025-10-01T22:14:05,401,118,0,net
2025-10-01T22:15:50,401,161,0,net
2025-10-01T22:17:50,401,160,1,net
2025-10-01T22:17:58,401,169,0,net
2025-10-01T22:18:10,401,185,0,net
2025-10-01T22:18:18,401,200,0,net
2025-10-01T22:18:38,401,394,4,net
2025-10-01T22:18:50,401,416,0,net
2025-10-01T22:19:07,401,235,0,net
2025-10-01T22:19:43,401,257,0,net
2025-10-01T22:20:58,401,426,3,net
2025-10-01T22:21:39,401,275,0,net
2025-10-01T22:22:02,401,288,0,net
2025-10-01T22:22:22,401,294,0,net
2025-10-01T22:22:46,401,311,0,net
2025-10-01T22:23:13,341,10,0,net
2025-10-01T22:24:34,341,35,0,net
2025-10-01T22:26:12,341,27,0,net
2025-10-01T22:28:33,341,50,0,net
2025-10-01T22:29:57,341,74,0,net
2025-10-01T22:30:44,341,82,0,net
2025-10-01T22:31:06,341,88,0,net
2025-10-01T22:32:26,341,120,0,net
2025-10-01T22:32:49,341,146,0,net
2025-10-01T22:33:08,341,116,0,net
2025-10-01T22:34:00,341,118,0,net
2025-10-01T22:36:30,341,161,0,net
2025-10-01T22:41:16,341,160,0,net
2025-10-01T22:41:29,341,169,0,net
2025-10-01T22:41:40,341,185,0,net
2025-10-01T22:41:52,341,200,0,net
2025-10-01T22:42:02,341,394,0,net
2025-10-01T22:42:06,341,416,0,net
2025-10-01T22:42:14,341,235,0,net
2025-10-01T22:42:27,341,257,0,net
2025-10-01T22:42:40,341,426,0,net
2025-10-01T22:43:06,341,275,0,net
2025-10-01T22:44:00,341,288,0,net
2025-10-01T22:45:17,341,294,8,net
2025-10-01T22:46:56,341,311,8,net
2025-10-01T22:47:09,55,10,0,net
2025-10-01T22:47:38,55,35,0,net
2025-10-01T22:48:07,55,27,24,net
2025-10-01T22:48:25,55,50,0,net
2025-10-01T22:48:43,55,74,0,net
2025-10-01T22:48:56,55,82,0,net
2025-10-01T22:49:05,55,88,0,net
2025-10-01T22:49:18,55,120,0,net
2025-10-01T22:49:32,55,146,0,net
2025-10-01T22:49:49,55,116,0,net
2025-10-01T22:50:03,55,118,0,net
2025-10-01T22:50:46,55,161,10,net
2025-10-01T22:51:18,55,160,37,net
2025-10-01T22:51:27,55,169,0,net
2025-10-01T22:51:38,55,185,1,net
2025-10-01T22:52:02,55,200,0,net
2025-10-01T22:52:35,55,394,0,net
2025-10-01T22:53:14,55,416,0,net
2025-10-01T22:53:52,55,235,3,net
2025-10-01T22:54:27,55,257,0,net
2025-10-01T22:54:43,55,426,0,net
2025-10-01T22:56:14,55,275,12,net
2025-10-01T22:56:29,55,288,0,net
2025-10-01T22:56:55,55,294,0,net
2025-10-01T22:57:13,55,311,0,net
2025-10-01T22:57:33,56,10,0,net
2025-10-01T23:00:18,56,35,0,net
2025-10-01T23:01:23,56,27,0,net
2025-10-01T23:01:45,56,50,0,net
2025-10-01T23:02:10,56,74,0,net
2025-10-01T23:02:20,56,82,0,net
2025-10-01T23:02:39,56,88,0,net
2025-10-01T23:03:13,56,120,0,net
2025-10-01T23:03:29,56,146,0,net
2025-10-01T23:03:45,56,116,0,net
2025-10-01T23:04:02,56,118,0,net
2025-10-01T23:04:15,56,161,0,net
2025-10-01T23:04:51,56,160,1,net
2025-10-01T23:04:57,56,169,0,net
2025-10-01T23:05:09,56,185,0,net
2025-10-01T23:05:27,56,200,0,net
2025-10-01T23:05:34,56,394,3,net
2025-10-01T23:05:39,56,416,0,net
2025-10-01T23:05:49,56,235,0,net
2025-10-01T23:06:05,56,257,0,net
2025-10-01T23:06:13,56,426,3,net
2025-10-01T23:06:42,56,275,0,net
2025-10-01T23:07:12,56,288,0,net
2025-10-01T23:08:09,56,294,0,net
2025-10-01T23:08:53,56,311,0,net
2025-10-01T23:09:08,59,10,0,net
2025-10-01T23:09:29,59,35,0,net
2025-10-01T23:09:48,59,27,0,net
2025-10-01T23:10:04,59,50,0,net
2025-10-01T23:12:37,59,74,4,net
2025-10-01T23:13:02,59,82,3,net
2025-10-01T23:14:14,59,88,2,net
2025-10-01T23:15:07,59,120,0,net
2025-10-01T23:16:10,59,146,0,net
2025-10-01T23:16:31,59,116,0,net
2025-10-01T23:17:24,59,118,0,net
2025-10-01T23:18:37,59,161,0,net
2025-10-01T23:24:32,59,160,3,net
2025-10-01T23:24:47,59,169,0,net
2025-10-01T23:25:40,59,185,1,net
2025-10-01T23:26:47,59,200,0,net
2025-10-01T23:27:42,59,394,0,net
2025-10-01T23:27:52,59,416,0,net
2025-10-01T23:28:11,59,235,0,net
2025-10-01T23:28:42,59,257,0,net
2025-10-01T23:29:18,59,426,0,net
2025-10-01T23:29:54,59,275,0,net
2025-10-01T23:30:09,59,288,1,net
2025-10-01T23:30:23,59,294,0,net
2025-10-01T23:30:31,59,311,0,net
2025-10-01T23:30:40,58,10,0,net
2025-10-01T23:32:33,58,35,0,net
2025-10-01T23:33:08,58,27,0,net
2025-10-01T23:33:21,58,50,0,net
2025-10-01T23:33:42,58,74,0,net
2025-10-01T23:34:33,58,82,0,net
2025-10-01T23:36:00,58,88,0,net
2025-10-01T23:36:40,58,120,0,net
2025-10-01T23:36:54,58,146,0,net
2025-10-01T23:37:10,58,116,0,net
2025-10-01T23:37:23,58,118,0,net
2025-10-01T23:38:14,58,161,4,net
2025-10-01T23:39:27,58,160,4,net
2025-10-01T23:39:38,58,169,0,net
2025-10-01T23:39:53,58,185,0,net
2025-10-01T23:40:16,58,200,0,net
2025-10-01T23:40:33,58,394,0,net
2025-10-01T23:41:24,58,416,0,net
2025-10-01T23:42:09,58,235,4,net
2025-10-01T23:42:33,58,257,0,net
2025-10-01T23:42:47,58,426,0,net
2025-10-01T23:45:29,58,275,3,net
2025-10-01T23:45:53,58,288,0,net
2025-10-01T23:46:11,58,294,0,net
2025-10-01T23:46:24,58,311,0,net
2025-10-01T23:46:32,104,10,0,net
2025-10-01T23:47:21,104,35,0,net
2025-10-01T23:47:33,104,27,0,net
2025-10-01T23:47:51,104,50,0,net
2025-10-01T23:48:06,104,74,0,net
2025-10-01T23:48:16,104,82,0,net
2025-10-01T23:48:25,104,88,0,net
2025-10-01T23:48:31,104,120,0,net
2025-10-01T23:48:44,104,146,0,net
2025-10-01T23:48:53,104,116,0,net
2025-10-01T23:49:04,104,118,0,net
2025-10-01T23:51:48,104,161,12,net
2025-10-01T23:53:00,104,160,15,net
2025-10-01T23:53:10,104,169,0,net
2025-10-01T23:53:23,104,185,0,net
2025-10-01T23:53:38,104,200,0,net
2025-10-01T23:53:50,104,394,0,net
2025-10-01T23:54:13,104,416,0,net
2025-10-01T23:54:22,104,235,4,net
2025-10-01T23:54:40,104,257,0,net
2025-10-01T23:55:03,104,426,0,net
2025-10-01T23:57:55,104,275,14,net
2025-10-01T23:58:11,104,288,0,net
2025-10-01T23:58:24,104,294,0,net
2025-10-01T23:58:34,104,311,0,net
2025-10-01T23:58:44,64,10,0,net
2025-10-01T23:58:57,64,35,0,net
2025-10-01T23:59:14,64,27,0,net
2025-10-01T23:59:21,64,50,5,net
2025-10-01T23:59:28,64,74,0,net
2025-10-01T23:59:48,64,82,0,net
2025-10-02T00:00:08,64,88,0,net
2025-10-02T00:00:21,64,120,5,net
2025-10-02T00:00:26,64,146,0,net
2025-10-02T00:02:11,64,116,5,net
2025-10-02T00:03:14,64,118,6,net
2025-10-02T00:03:58,64,161,0,net
2025-10-02T00:13:02,64,160,5,net
2025-10-02T00:13:37,64,169,0,net
2025-10-02T00:14:27,64,185,0,net
2025-10-02T00:15:02,64,200,0,net
2025-10-02T00:15:17,64,394,0,net
2025-10-02T00:15:35,64,416,0,net
2025-10-02T00:15:51,64,235,0,net
2025-10-02T00:16:17,64,257,5,net
2025-10-02T00:16:27,64,426,0,net
2025-10-02T00:16:43,64,275,0,net
2025-10-02T00:16:49,64,288,0,net
2025-10-02T00:16:58,64,294,0,net
2025-10-02T00:17:05,64,311,0,net
2025-10-02T00:17:13,69,10,0,net
2025-10-02T00:17:57,69,35,0,net
2025-10-02T00:18:19,69,27,0,net
2025-10-02T00:18:26,69,50,0,net
2025-10-02T00:18:31,69,74,0,net
2025-10-02T00:19:09,69,82,0,net
2025-10-02T00:20:15,69,88,0,net
2025-10-02T00:21:48,69,120,0,net
2025-10-02T00:22:13,69,146,0,net
2025-10-02T00:22:38,69,116,0,net
2025-10-02T00:23:05,69,118,0,net
2025-10-02T00:24:09,69,161,0,net
2025-10-02T00:26:23,69,160,5,net
2025-10-02T00:26:28,69,169,0,net
2025-10-02T00:26:50,69,185,2,net
2025-10-02T00:27:03,69,200,0,net
2025-10-02T00:27:21,69,394,2,net
2025-10-02T00:27:29,69,416,0,net
2025-10-02T00:27:51,69,235,0,net
2025-10-02T00:28:18,69,257,0,net
2025-10-02T00:29:10,69,426,2,net
2025-10-02T00:29:56,69,275,0,net
2025-10-02T00:30:17,69,288,0,net
2025-10-02T00:30:40,69,294,0,net
2025-10-02T00:31:11,69,311,0,net
2025-10-02T00:31:23,68,10,7,net
2025-10-02T00:31:49,68,35,5,net
2025-10-02T00:32:05,68,27,0,net
2025-10-02T00:32:14,68,50,0,net
2025-10-02T00:32:22,68,74,0,net
2025-10-02T00:32:28,68,82,0,net
2025-10-02T00:32:39,68,88,0,net
2025-10-02T00:32:57,68,120,0,net
2025-10-02T00:33:03,68,146,7,net
2025-10-02T00:33:12,68,116,0,net
2025-10-02T00:33:32,68,118,0,net
2025-10-02T00:33:56,68,161,0,net
2025-10-02T00:37:58,68,160,9,net
2025-10-02T00:38:11,68,169,0,net
2025-10-02T00:38:39,68,185,0,net
2025-10-02T00:38:47,68,200,0,net
2025-10-02T00:38:58,68,394,0,net
2025-10-02T00:39:03,68,416,0,net
2025-10-02T00:39:15,68,235,0,net
2025-10-02T00:39:23,68,257,0,net
2025-10-02T00:39:29,68,426,0,net
2025-10-02T00:39:47,68,275,0,net
2025-10-02T00:40:10,68,288,0,net
2025-10-02T00:41:06,68,294,0,net
2025-10-02T00:42:00,68,311,0,net
2025-10-02T00:42:21,62,10,0,net
2025-10-02T00:42:45,62,35,0,net
2025-10-02T00:43:35,62,27,0,net
2025-10-02T00:44:57,62,50,0,net
2025-10-02T00:46:03,62,74,2,net
2025-10-02T00:46:28,62,82,2,net
2025-10-02T00:46:40,62,88,2,net
2025-10-02T00:47:07,62,120,0,net
2025-10-02T00:47:18,62,146,0,net
2025-10-02T00:47:31,62,116,0,net
2025-10-02T00:47:41,62,118,0,net
2025-10-02T00:47:56,62,161,0,net
2025-10-02T00:48:33,62,160,1,net
2025-10-02T00:48:41,62,169,0,net
2025-10-02T00:49:01,62,185,1,net
2025-10-02T00:49:12,62,200,0,net
2025-10-02T00:49:32,62,394,0,net
2025-10-02T00:50:08,62,416,0,net
2025-10-02T00:51:07,62,235,0,net
2025-10-02T00:51:37,62,257,0,net
2025-10-02T00:51:47,62,426,0,net
2025-10-02T00:52:02,62,275,0,net
2025-10-02T00:52:13,62,288,1,net
2025-10-02T00:52:35,62,294,0,net
2025-10-02T00:53:00,62,311,0,net
2025-10-02T00:54:04,74,10,0,net
2025-10-02T00:55:27,74,35,0,net
2025-10-02T00:55:50,74,27,0,net
2025-10-02T00:56:14,74,50,0,net
2025-10-02T00:56:37,74,62,1,net
2025-10-02T00:56:51,74,82,4,net
2025-10-02T00:57:18,74,88,3,net
2025-10-02T00:57:30,74,120,0,net
2025-10-02T00:57:40,74,146,0,net
2025-10-02T00:57:48,74,116,0,net
2025-10-02T00:58:40,74,118,0,net
2025-10-02T00:59:56,74,161,0,net
2025-10-02T01:01:36,74,160,4,net
2025-10-02T01:02:43,74,169,0,net
2025-10-02T01:04:18,74,185,1,net
2025-10-02T01:04:35,74,200,0,net
2025-10-02T01:04:51,74,394,0,net
2025-10-02T01:05:12,74,416,0,net
2025-10-02T01:05:24,74,235,0,net
2025-10-02T01:05:41,74,257,0,net
2025-10-02T01:05:50,74,426,0,net
2025-10-02T01:06:03,74,275,0,net
2025-10-02T01:06:23,74,288,2,net
2025-10-02T01:06:35,74,294,0,net
2025-10-02T01:06:42,74,311,0,net
2025-10-02T01:06:50,70,10,0,net
2025-10-02T01:07:08,70,35,0,net
2025-10-02T01:07:24,70,27,0,net
2025-10-02T01:07:37,70,50,0,net
2025-10-02T01:07:45,70,62,0,net
2025-10-02T01:07:56,70,82,0,net
2025-10-02T01:08:06,70,88,0,net
2025-10-02T01:08:19,70,120,0,net
2025-10-02T01:08:27,70,146,0,net
2025-10-02T01:08:32,70,116,0,net
2025-10-02T01:08:45,70,118,0,net
2025-10-02T01:08:54,70,161,0,net
2025-10-02T01:10:30,70,160,6,net
2025-10-02T01:11:31,70,169,0,net
2025-10-02T01:12:14,70,185,0,net
2025-10-02T01:13:09,70,200,6,net
2025-10-02T01:13:18,70,394,0,net
2025-10-02T01:13:27,70,416,0,net
2025-10-02T01:13:40,70,235,0,net
2025-10-02T01:13:54,70,257,0,net
2025-10-02T01:14:03,70,426,0,net
2025-10-02T01:14:15,70,275,0,net
2025-10-02T01:14:21,70,288,0,net
2025-10-02T01:14:34,70,294,0,net
2025-10-02T01:14:42,70,311,0,net
2025-10-02T01:14:55,75,10,0,net
2025-10-02T01:15:12,75,35,0,net
2025-10-02T01:15:36,75,27,33,net
2025-10-02T01:19:06,75,50,4,net
2025-10-02T01:19:18,75,62,0,net
2025-10-02T01:19:41,75,82,2,net
2025-10-02T01:20:06,75,88,2,net
2025-10-02T01:20:32,75,120,7,net
2025-10-02T01:20:44,75,146,0,net
2025-10-02T01:20:57,75,116,4,net
2025-10-02T01:21:13,75,118,5,net
2025-10-02T01:21:27,75,161,0,net
2025-10-02T01:25:45,75,160,61,net
2025-10-02T01:25:50,75,169,0,net
2025-10-02T01:26:37,75,185,5,net
2025-10-02T01:26:45,75,200,0,net
2025-10-02T01:26:50,75,394,2,net
2025-10-02T01:27:05,75,416,0,net
2025-10-02T01:27:14,75,235,0,net
2025-10-02T01:27:27,75,257,6,net
2025-10-02T01:27:35,75,426,2,net
2025-10-02T01:28:04,75,275,0,net
2025-10-02T01:29:47,75,288,1,net
2025-10-02T01:30:37,75,294,1,net
2025-10-02T01:31:04,75,311,1,net
2025-10-02T01:31:20,76,10,0,net
2025-10-02T01:31:44,76,35,0,net
2025-10-02T01:32:09,76,27,0,net
2025-10-02T01:32:27,76,50,6,net
2025-10-02T01:32:33,76,62,0,net
2025-10-02T01:32:41,76,82,0,net
2025-10-02T01:32:49,76,88,0,net
2025-10-02T01:33:09,76,120,5,net
2025-10-02T01:33:23,76,146,0,net
2025-10-02T01:33:44,76,116,5,net
2025-10-02T01:35:55,76,118,7,net
2025-10-02T01:36:27,76,161,0,net
2025-10-02T01:37:08,76,160,5,net
2025-10-02T01:37:17,76,169,0,net
2025-10-02T01:37:26,76,185,0,net
2025-10-02T01:37:36,76,200,0,net
2025-10-02T01:37:48,76,394,0,net
2025-10-02T01:37:59,76,416,0,net
2025-10-02T01:38:06,76,235,0,net
2025-10-02T01:38:25,76,257,8,net
2025-10-02T01:38:32,76,426,0,net
2025-10-02T01:38:45,76,275,0,net
2025-10-02T01:38:50,76,288,0,net
2025-10-02T01:39:02,76,294,0,net
2025-10-02T01:39:10,76,311,0,net
2025-10-02T01:39:19,71,10,0,net
2025-10-02T01:40:11,71,35,0,net
2025-10-02T01:42:54,71,27,27,net
2025-10-02T01:43:12,71,50,0,net
2025-10-02T01:43:23,71,62,0,net
2025-10-02T01:43:32,71,82,0,net
2025-10-02T01:43:40,71,88,0,net
2025-10-02T01:43:53,71,120,0,net
2025-10-02T01:44:01,71,146,0,net
2025-10-02T01:44:33,71,116,0,net
2025-10-02T01:44:51,71,118,0,net
2025-10-02T01:45:02,71,161,0,net
2025-10-02T01:45:46,71,160,31,net
2025-10-02T01:46:14,71,169,0,net
2025-10-02T01:47:51,71,185,2,net
2025-10-02T01:48:09,71,200,0,net
2025-10-02T01:48:23,71,394,0,net
2025-10-02T01:48:28,71,416,0,net
2025-10-02T01:48:41,71,235,0,net
2025-10-02T01:49:17,71,257,0,net
2025-10-02T01:50:19,71,426,0,net
2025-10-02T01:51:42,71,275,0,net
2025-10-02T01:51:50,71,288,0,net
2025-10-02T01:52:06,71,294,0,net
2025-10-02T01:52:29,71,311,0,net
2025-10-02T01:52:46,63,10,0,net
2025-10-02T01:53:03,63,35,0,net
2025-10-02T01:53:20,63,27,32,net
2025-10-02T01:53:31,63,50,0,net
2025-10-02T01:53:46,63,62,0,net
2025-10-02T01:53:59,63,82,1,net
2025-10-02T01:54:06,63,88,1,net
2025-10-02T01:55:07,63,120,1,net
